-- MySQL dump 10.19  Distrib 10.3.30-MariaDB, for Linux (x86_64)
--
-- Host: localhost    Database: technic1_dev
-- ------------------------------------------------------
-- Server version	10.3.30-MariaDB

/*!40101 SET @OLD_CHARACTER_SET_CLIENT=@@CHARACTER_SET_CLIENT */;
/*!40101 SET @OLD_CHARACTER_SET_RESULTS=@@CHARACTER_SET_RESULTS */;
/*!40101 SET @OLD_COLLATION_CONNECTION=@@COLLATION_CONNECTION */;
/*!40101 SET NAMES utf8mb4 */;
/*!40103 SET @OLD_TIME_ZONE=@@TIME_ZONE */;
/*!40103 SET TIME_ZONE='+00:00' */;
/*!40014 SET @OLD_UNIQUE_CHECKS=@@UNIQUE_CHECKS, UNIQUE_CHECKS=0 */;
/*!40014 SET @OLD_FOREIGN_KEY_CHECKS=@@FOREIGN_KEY_CHECKS, FOREIGN_KEY_CHECKS=0 */;
/*!40101 SET @OLD_SQL_MODE=@@SQL_MODE, SQL_MODE='NO_AUTO_VALUE_ON_ZERO' */;
/*!40111 SET @OLD_SQL_NOTES=@@SQL_NOTES, SQL_NOTES=0 */;

--
-- Table structure for table `Support`
--

DROP TABLE IF EXISTS `Support`;
/*!40101 SET @saved_cs_client     = @@character_set_client */;
/*!40101 SET character_set_client = utf8 */;
CREATE TABLE `Support` (
  `id_Support` int(10) unsigned NOT NULL AUTO_INCREMENT,
  `description` longtext COLLATE utf8mb4_unicode_ci NOT NULL,
  `created_at` timestamp NULL DEFAULT NULL,
  `updated_at` timestamp NULL DEFAULT NULL,
  PRIMARY KEY (`id_Support`)
) ENGINE=InnoDB AUTO_INCREMENT=3 DEFAULT CHARSET=utf8mb4 COLLATE=utf8mb4_unicode_ci;
/*!40101 SET character_set_client = @saved_cs_client */;

--
-- Dumping data for table `Support`
--

LOCK TABLES `Support` WRITE;
/*!40000 ALTER TABLE `Support` DISABLE KEYS */;
INSERT INTO `Support` (`id_Support`, `description`, `created_at`, `updated_at`) VALUES (1,'Tech',NULL,NULL),(2,'Sales',NULL,NULL);
/*!40000 ALTER TABLE `Support` ENABLE KEYS */;
UNLOCK TABLES;

--
-- Table structure for table `Support_roll`
--

DROP TABLE IF EXISTS `Support_roll`;
/*!40101 SET @saved_cs_client     = @@character_set_client */;
/*!40101 SET character_set_client = utf8 */;
CREATE TABLE `Support_roll` (
  `id_Support` int(10) unsigned NOT NULL,
  `id_user` int(10) unsigned NOT NULL,
  `created_at` timestamp NULL DEFAULT NULL,
  `updated_at` timestamp NULL DEFAULT NULL,
  KEY `support_roll_id_support_foreign` (`id_Support`),
  CONSTRAINT `support_roll_id_support_foreign` FOREIGN KEY (`id_Support`) REFERENCES `Support` (`id_Support`)
) ENGINE=InnoDB DEFAULT CHARSET=utf8mb4 COLLATE=utf8mb4_unicode_ci;
/*!40101 SET character_set_client = @saved_cs_client */;

--
-- Dumping data for table `Support_roll`
--

LOCK TABLES `Support_roll` WRITE;
/*!40000 ALTER TABLE `Support_roll` DISABLE KEYS */;
INSERT INTO `Support_roll` (`id_Support`, `id_user`, `created_at`, `updated_at`) VALUES (2,47,'2021-03-10 21:38:11','2021-03-10 21:44:34'),(1,50,'2021-04-12 12:55:51','2021-04-12 12:55:51');
/*!40000 ALTER TABLE `Support_roll` ENABLE KEYS */;
UNLOCK TABLES;

--
-- Table structure for table `Ticket`
--

DROP TABLE IF EXISTS `Ticket`;
/*!40101 SET @saved_cs_client     = @@character_set_client */;
/*!40101 SET character_set_client = utf8 */;
CREATE TABLE `Ticket` (
  `id_Ticket` int(10) unsigned NOT NULL AUTO_INCREMENT,
  `id_user` int(11) NOT NULL,
  `Caption` varchar(255) COLLATE utf8mb4_unicode_ci NOT NULL,
  `description` longtext COLLATE utf8mb4_unicode_ci NOT NULL,
  `id_status` int(10) unsigned NOT NULL,
  `id_priority` int(10) unsigned NOT NULL,
  `id_support` int(11) unsigned NOT NULL,
  `created_at` timestamp NULL DEFAULT NULL,
  `updated_at` timestamp NULL DEFAULT NULL,
  PRIMARY KEY (`id_Ticket`),
  KEY `ticket_id_status_foreign` (`id_status`),
  KEY `ticket_id_priority_foreign` (`id_priority`),
  KEY `ticket_id_support_foreign` (`id_support`),
  CONSTRAINT `ticket_id_priority_foreign` FOREIGN KEY (`id_priority`) REFERENCES `Ticket_Priority` (`id_Ticket_Priority`),
  CONSTRAINT `ticket_id_status_foreign` FOREIGN KEY (`id_status`) REFERENCES `Ticket_status` (`id_Ticket_status`),
  CONSTRAINT `ticket_id_support_foreign` FOREIGN KEY (`id_support`) REFERENCES `Support` (`id_Support`)
) ENGINE=InnoDB AUTO_INCREMENT=3 DEFAULT CHARSET=utf8mb4 COLLATE=utf8mb4_unicode_ci;
/*!40101 SET character_set_client = @saved_cs_client */;

--
-- Dumping data for table `Ticket`
--

LOCK TABLES `Ticket` WRITE;
/*!40000 ALTER TABLE `Ticket` DISABLE KEYS */;
/*!40000 ALTER TABLE `Ticket` ENABLE KEYS */;
UNLOCK TABLES;

--
-- Table structure for table `Ticket_Priority`
--

DROP TABLE IF EXISTS `Ticket_Priority`;
/*!40101 SET @saved_cs_client     = @@character_set_client */;
/*!40101 SET character_set_client = utf8 */;
CREATE TABLE `Ticket_Priority` (
  `id_Ticket_Priority` int(10) unsigned NOT NULL AUTO_INCREMENT,
  `description` varchar(255) COLLATE utf8mb4_unicode_ci NOT NULL,
  `created_at` timestamp NULL DEFAULT NULL,
  `updated_at` timestamp NULL DEFAULT NULL,
  PRIMARY KEY (`id_Ticket_Priority`)
) ENGINE=InnoDB AUTO_INCREMENT=5 DEFAULT CHARSET=utf8mb4 COLLATE=utf8mb4_unicode_ci;
/*!40101 SET character_set_client = @saved_cs_client */;

--
-- Dumping data for table `Ticket_Priority`
--

LOCK TABLES `Ticket_Priority` WRITE;
/*!40000 ALTER TABLE `Ticket_Priority` DISABLE KEYS */;
INSERT INTO `Ticket_Priority` (`id_Ticket_Priority`, `description`, `created_at`, `updated_at`) VALUES (1,'Baja',NULL,NULL),(2,'Normal',NULL,NULL),(3,'Alta',NULL,NULL),(4,'Urgente',NULL,NULL);
/*!40000 ALTER TABLE `Ticket_Priority` ENABLE KEYS */;
UNLOCK TABLES;

--
-- Table structure for table `Ticket_answer`
--

DROP TABLE IF EXISTS `Ticket_answer`;
/*!40101 SET @saved_cs_client     = @@character_set_client */;
/*!40101 SET character_set_client = utf8 */;
CREATE TABLE `Ticket_answer` (
  `id_Ticket_answer` int(10) unsigned NOT NULL AUTO_INCREMENT,
  `id_Ticket` int(10) unsigned NOT NULL,
  `id_user` int(11) NOT NULL,
  `description` longtext COLLATE utf8mb4_unicode_ci NOT NULL,
  `created_at` timestamp NULL DEFAULT NULL,
  `updated_at` timestamp NULL DEFAULT NULL,
  PRIMARY KEY (`id_Ticket_answer`),
  KEY `ticket_answer_id_ticket_foreign` (`id_Ticket`),
  CONSTRAINT `ticket_answer_id_ticket_foreign` FOREIGN KEY (`id_Ticket`) REFERENCES `Ticket` (`id_Ticket`)
) ENGINE=InnoDB AUTO_INCREMENT=3 DEFAULT CHARSET=utf8mb4 COLLATE=utf8mb4_unicode_ci;
/*!40101 SET character_set_client = @saved_cs_client */;

--
-- Dumping data for table `Ticket_answer`
--

LOCK TABLES `Ticket_answer` WRITE;
/*!40000 ALTER TABLE `Ticket_answer` DISABLE KEYS */;
/*!40000 ALTER TABLE `Ticket_answer` ENABLE KEYS */;
UNLOCK TABLES;

--
-- Table structure for table `Ticket_status`
--

DROP TABLE IF EXISTS `Ticket_status`;
/*!40101 SET @saved_cs_client     = @@character_set_client */;
/*!40101 SET character_set_client = utf8 */;
CREATE TABLE `Ticket_status` (
  `id_Ticket_status` int(10) unsigned NOT NULL,
  `description` varchar(255) COLLATE utf8mb4_unicode_ci NOT NULL,
  `created_at` timestamp NULL DEFAULT NULL,
  `updated_at` timestamp NULL DEFAULT NULL,
  PRIMARY KEY (`id_Ticket_status`)
) ENGINE=InnoDB DEFAULT CHARSET=utf8mb4 COLLATE=utf8mb4_unicode_ci;
/*!40101 SET character_set_client = @saved_cs_client */;

--
-- Dumping data for table `Ticket_status`
--

LOCK TABLES `Ticket_status` WRITE;
/*!40000 ALTER TABLE `Ticket_status` DISABLE KEYS */;
INSERT INTO `Ticket_status` (`id_Ticket_status`, `description`, `created_at`, `updated_at`) VALUES (1,'Abierto',NULL,NULL),(2,'Pendiente',NULL,NULL),(3,'Cerrado',NULL,NULL);
/*!40000 ALTER TABLE `Ticket_status` ENABLE KEYS */;
UNLOCK TABLES;

--
-- Table structure for table `carrusel`
--

DROP TABLE IF EXISTS `carrusel`;
/*!40101 SET @saved_cs_client     = @@character_set_client */;
/*!40101 SET character_set_client = utf8 */;
CREATE TABLE `carrusel` (
  `id_carrusel` int(10) unsigned NOT NULL AUTO_INCREMENT,
  `Order` int(11) NOT NULL,
  `Img` varchar(255) COLLATE utf8mb4_unicode_ci NOT NULL,
  `activo` tinyint(1) NOT NULL DEFAULT 1,
  `created_at` timestamp NULL DEFAULT NULL,
  `updated_at` timestamp NULL DEFAULT NULL,
  PRIMARY KEY (`id_carrusel`)
) ENGINE=InnoDB AUTO_INCREMENT=26 DEFAULT CHARSET=utf8mb4 COLLATE=utf8mb4_unicode_ci;
/*!40101 SET character_set_client = @saved_cs_client */;

--
-- Dumping data for table `carrusel`
--

LOCK TABLES `carrusel` WRITE;
/*!40000 ALTER TABLE `carrusel` DISABLE KEYS */;
INSERT INTO `carrusel` (`id_carrusel`, `Order`, `Img`, `activo`, `created_at`, `updated_at`) VALUES (4,1,'/img/carrosel/carrousel5.jpg',1,NULL,NULL),(24,2,'/public/carrosel/goa.jpg',1,NULL,NULL),(25,3,'/public/carrosel/A4C2F1.jpg',1,NULL,NULL);
/*!40000 ALTER TABLE `carrusel` ENABLE KEYS */;
UNLOCK TABLES;

--
-- Table structure for table `colors`
--

DROP TABLE IF EXISTS `colors`;
/*!40101 SET @saved_cs_client     = @@character_set_client */;
/*!40101 SET character_set_client = utf8 */;
CREATE TABLE `colors` (
  `id_color` int(10) unsigned NOT NULL AUTO_INCREMENT,
  `color_name` varchar(255) COLLATE utf8mb4_unicode_ci NOT NULL,
  `color_code` varchar(255) COLLATE utf8mb4_unicode_ci NOT NULL,
  `created_at` timestamp NULL DEFAULT NULL,
  `updated_at` timestamp NULL DEFAULT NULL,
  PRIMARY KEY (`id_color`)
) ENGINE=InnoDB AUTO_INCREMENT=993 DEFAULT CHARSET=utf8mb4 COLLATE=utf8mb4_unicode_ci;
/*!40101 SET character_set_client = @saved_cs_client */;

--
-- Dumping data for table `colors`
--

LOCK TABLES `colors` WRITE;
/*!40000 ALTER TABLE `colors` DISABLE KEYS */;
INSERT INTO `colors` (`id_color`, `color_name`, `color_code`, `created_at`, `updated_at`) VALUES (1,'PMS 100','#f4ed7c',NULL,NULL),(2,'PMS 101','#f4ed47',NULL,NULL),(3,'PMS 102','#f9e814',NULL,NULL),(4,'PMS 103','#c6ad0f',NULL,NULL),(5,'PMS 104','#ad9b0c',NULL,NULL),(6,'PMS 105','#82750f',NULL,NULL),(7,'PMS 106','#f7e859',NULL,NULL),(8,'PMS 107','#f9e526',NULL,NULL),(9,'PMS 108','#f7dd16',NULL,NULL),(10,'PMS 109','#f9d616',NULL,NULL),(11,'PMS 110','#d8b511',NULL,NULL),(12,'PMS 111','#aa930a',NULL,NULL),(13,'PMS 112','#99840a',NULL,NULL),(14,'PMS 113','#f9e55b',NULL,NULL),(15,'PMS 114','#f9e24c',NULL,NULL),(16,'PMS 115','#f9e04c',NULL,NULL),(17,'PMS 116','#fcd116',NULL,NULL),(18,'PMS 117','#c6a00c',NULL,NULL),(19,'PMS 118','#aa8e0a',NULL,NULL),(20,'PMS 119','#897719',NULL,NULL),(21,'PMS 120','#f9e27f',NULL,NULL),(22,'PMS 121','#f9e070',NULL,NULL),(23,'PMS 122','#fcd856',NULL,NULL),(24,'PMS 123','#ffc61e',NULL,NULL),(25,'PMS 124','#e0aa0f',NULL,NULL),(26,'PMS 125','#b58c0a',NULL,NULL),(27,'PMS 127','#f4e287',NULL,NULL),(28,'PMS 128','#f4db60',NULL,NULL),(29,'PMS 129','#f2d13d',NULL,NULL),(30,'PMS 130','#eaaf0f',NULL,NULL),(31,'PMS 131','#c6930a',NULL,NULL),(32,'PMS 132','#9e7c0a',NULL,NULL),(33,'PMS 133','#705b0a',NULL,NULL),(34,'PMS 134','#ffd87f',NULL,NULL),(35,'PMS 135','#fcc963',NULL,NULL),(36,'PMS 136','#fcbf49',NULL,NULL),(37,'PMS 137','#fca311',NULL,NULL),(38,'PMS 138','#d88c02',NULL,NULL),(39,'PMS 139','#af7505',NULL,NULL),(40,'PMS 140','#7a5b11',NULL,NULL),(41,'PMS 141','#f2ce68',NULL,NULL),(42,'PMS 142','#f2bf49',NULL,NULL),(43,'PMS 143','#efb22d',NULL,NULL),(44,'PMS 144','#e28c05',NULL,NULL),(45,'PMS 145','#c67f07',NULL,NULL),(46,'PMS 146','#9e6b05',NULL,NULL),(47,'PMS 147','#725e26',NULL,NULL),(48,'PMS 148','#ffd69b',NULL,NULL),(49,'PMS 149','#fccc93',NULL,NULL),(50,'PMS 150','#fcad56',NULL,NULL),(51,'PMS 151','#f77f00',NULL,NULL),(52,'PMS 152','#dd7500',NULL,NULL),(53,'PMS 153','#bc6d0a',NULL,NULL),(54,'PMS 154','#995905',NULL,NULL),(55,'PMS 155','#f4dbaa',NULL,NULL),(56,'PMS 156','#f2c68c',NULL,NULL),(57,'PMS 157','#eda04f',NULL,NULL),(58,'PMS 158','#e87511',NULL,NULL),(59,'PMS 159','#c66005',NULL,NULL),(60,'PMS 160','#9e540a',NULL,NULL),(61,'PMS 161','#633a11',NULL,NULL),(62,'PMS 162','#f9c6aa',NULL,NULL),(63,'PMS 163','#fc9e70',NULL,NULL),(64,'PMS 164','#fc7f3f',NULL,NULL),(65,'PMS 165','#f96302',NULL,NULL),(66,'PMS 166','#dd5900',NULL,NULL),(67,'PMS 167','#bc4f07',NULL,NULL),(68,'PMS 168','#6d3011',NULL,NULL),(69,'PMS 169','#f9baaa',NULL,NULL),(70,'PMS 170','#f98972',NULL,NULL),(71,'PMS 171','#f9603a',NULL,NULL),(72,'PMS 172','#f74902',NULL,NULL),(73,'PMS 173','#d14414',NULL,NULL),(74,'PMS 174','#933311',NULL,NULL),(75,'PMS 175','#6d3321',NULL,NULL),(76,'PMS 176','#f9afad',NULL,NULL),(77,'PMS 177','#f9827f',NULL,NULL),(78,'PMS 178','#f95e59',NULL,NULL),(79,'PMS 179','#e23d28',NULL,NULL),(80,'PMS 180','#c13828',NULL,NULL),(81,'PMS 181','#7c2d23',NULL,NULL),(82,'Red 032','#ef2b2d',NULL,NULL),(83,'PMS 182','#f9bfc1',NULL,NULL),(84,'PMS 183','#fc8c99',NULL,NULL),(85,'PMS 184','#fc5e72',NULL,NULL),(86,'PMS 185','#e8112d',NULL,NULL),(87,'PMS 186','#ce1126',NULL,NULL),(88,'PMS 187','#af1e2d',NULL,NULL),(89,'PMS 188','#7c2128',NULL,NULL),(90,'PMS 189','#ffa3b2',NULL,NULL),(91,'PMS 190','#fc758e',NULL,NULL),(92,'PMS 191','#f4476b',NULL,NULL),(93,'PMS 192','#e5053a',NULL,NULL),(94,'PMS 193','#bf0a30',NULL,NULL),(95,'PMS 194','#992135',NULL,NULL),(96,'PMS 195','#772d35',NULL,NULL),(97,'PMS 196','#f4c9c9',NULL,NULL),(98,'PMS 197','#ef99a3',NULL,NULL),(99,'PMS 198','#e5566d',NULL,NULL),(100,'PMS 199','#d81c3f',NULL,NULL),(101,'PMS 200','#c41e3a',NULL,NULL),(102,'PMS 201','#a32638',NULL,NULL),(103,'PMS 202','#8c2633',NULL,NULL),(104,'PMS 203','#f2afc1',NULL,NULL),(105,'PMS 204','#ed7a9e',NULL,NULL),(106,'PMS 205','#e54c7c',NULL,NULL),(107,'PMS 206','#d30547',NULL,NULL),(108,'PMS 207','#af003d',NULL,NULL),(109,'PMS 208','#8e2344',NULL,NULL),(110,'PMS 209','#75263d',NULL,NULL),(111,'PMS 210','#ffa0bf',NULL,NULL),(112,'PMS 211','#ff77a8',NULL,NULL),(113,'PMS 212','#f94f8e',NULL,NULL),(114,'PMS 213','#ea0f6b',NULL,NULL),(115,'PMS 214','#cc0256',NULL,NULL),(116,'PMS 215','#a50544',NULL,NULL),(117,'PMS 216','#7c1e3f',NULL,NULL),(118,'PMS 217','#f4bfd1',NULL,NULL),(119,'PMS 218','#ed72aa',NULL,NULL),(120,'PMS 219','#e22882',NULL,NULL),(121,'PMS 220','#aa004f',NULL,NULL),(122,'PMS 221','#930042',NULL,NULL),(123,'PMS 222','#70193d',NULL,NULL),(124,'PMS 223','#f993c4',NULL,NULL),(125,'PMS 224','#f46baf',NULL,NULL),(126,'PMS 225','#ed2893',NULL,NULL),(127,'PMS 226','#d60270',NULL,NULL),(128,'PMS 227','#ad005b',NULL,NULL),(129,'PMS 228','#8c004c',NULL,NULL),(130,'PMS 229','#6d213f',NULL,NULL),(131,'PMS 230','#ffa0cc',NULL,NULL),(132,'PMS 231','#fc70ba',NULL,NULL),(133,'PMS 232','#f43fa5',NULL,NULL),(134,'PMS 233','#ce007c',NULL,NULL),(135,'PMS 234','#aa0066',NULL,NULL),(136,'PMS 235','#8e0554',NULL,NULL),(137,'PMS 236','#f9afd3',NULL,NULL),(138,'PMS 237','#f484c4',NULL,NULL),(139,'PMS 238','#ed4faf',NULL,NULL),(140,'PMS 239','#e0219e',NULL,NULL),(141,'PMS 240','#c40f89',NULL,NULL),(142,'PMS 241','#ad0075',NULL,NULL),(143,'PMS 242','#7c1c51',NULL,NULL),(144,'PMS 243','#f2bad8',NULL,NULL),(145,'PMS 244','#eda0d3',NULL,NULL),(146,'PMS 245','#e87fc9',NULL,NULL),(147,'PMS 246','#cc00a0',NULL,NULL),(148,'PMS 247','#b7008e',NULL,NULL),(149,'PMS 248','#a3057f',NULL,NULL),(150,'PMS 249','#7f2860',NULL,NULL),(151,'PMS 250','#edc4dd',NULL,NULL),(152,'PMS 251','#e29ed6',NULL,NULL),(153,'PMS 252','#d36bc6',NULL,NULL),(154,'PMS 253','#af23a5',NULL,NULL),(155,'PMS 254','#a02d96',NULL,NULL),(156,'PMS 255','#772d6b',NULL,NULL),(157,'PMS 256','#e5c4d6',NULL,NULL),(158,'PMS 257','#d3a5c9',NULL,NULL),(159,'PMS 258','#9b4f96',NULL,NULL),(160,'PMS 259','#72166b',NULL,NULL),(161,'PMS 260','#681e5b',NULL,NULL),(162,'PMS 261','#5e2154',NULL,NULL),(163,'PMS 262','#542344',NULL,NULL),(164,'PMS 263','#e0cee0',NULL,NULL),(165,'PMS 264','#c6aadb',NULL,NULL),(166,'PMS 265','#9663c4',NULL,NULL),(167,'PMS 266','#6d28aa',NULL,NULL),(168,'PMS 267','#59118e',NULL,NULL),(169,'PMS 268','#4f2170',NULL,NULL),(170,'PMS 269','#442359',NULL,NULL),(171,'PMS 270','#baafd3',NULL,NULL),(172,'PMS 271','#9e91c6',NULL,NULL),(173,'PMS 272','#8977ba',NULL,NULL),(174,'PMS 273','#38197a',NULL,NULL),(175,'PMS 274','#2b1166',NULL,NULL),(176,'PMS 275','#260f54',NULL,NULL),(177,'PMS 276','#2b2147',NULL,NULL),(178,'PMS 277','#b5d1e8',NULL,NULL),(179,'PMS 278','#99badd',NULL,NULL),(180,'PMS 279','#6689cc',NULL,NULL),(181,'PMS 280','#002b7f',NULL,NULL),(182,'PMS 281','#002868',NULL,NULL),(183,'PMS 282','#002654',NULL,NULL),(184,'PMS 283','#9bc4e2',NULL,NULL),(185,'PMS 284','#75aadb',NULL,NULL),(186,'PMS 285','#3a75c4',NULL,NULL),(187,'PMS 286','#0038a8',NULL,NULL),(188,'PMS 287','#003893',NULL,NULL),(189,'PMS 288','#00337f',NULL,NULL),(190,'PMS 289','#002649',NULL,NULL),(191,'PMS 290','#c4d8e2',NULL,NULL),(192,'PMS 291','#a8cee2',NULL,NULL),(193,'PMS 292','#75b2dd',NULL,NULL),(194,'PMS 293','#0051ba',NULL,NULL),(195,'PMS 294','#003f87',NULL,NULL),(196,'PMS 295','#00386b',NULL,NULL),(197,'PMS 296','#002d47',NULL,NULL),(198,'PMS 297','#82c6e2',NULL,NULL),(199,'PMS 298','#51b5e0',NULL,NULL),(200,'PMS 299','#00a3dd',NULL,NULL),(201,'PMS 300','#0072c6',NULL,NULL),(202,'PMS 301','#005b99',NULL,NULL),(203,'PMS 302','#004f6d',NULL,NULL),(204,'PMS 303','#003f54',NULL,NULL),(205,'PMS 304','#a5dde2',NULL,NULL),(206,'PMS 305','#70cee2',NULL,NULL),(207,'PMS 306','#00bce2',NULL,NULL),(208,'PMS 307','#007aa5',NULL,NULL),(209,'PMS 308','#00607c',NULL,NULL),(210,'PMS 309','#003f49',NULL,NULL),(211,'PMS 310','#72d1dd',NULL,NULL),(212,'PMS 311','#28c4d8',NULL,NULL),(213,'PMS 312','#00adc6',NULL,NULL),(214,'PMS 313','#0099b5',NULL,NULL),(215,'PMS 314','#00829b',NULL,NULL),(216,'PMS 315','#006b77',NULL,NULL),(217,'PMS 316','#00494f',NULL,NULL),(218,'PMS 317','#c9e8dd',NULL,NULL),(219,'PMS 318','#93dddb',NULL,NULL),(220,'PMS 319','#4cced1',NULL,NULL),(221,'PMS 320','#009ea0',NULL,NULL),(222,'PMS 321','#008789',NULL,NULL),(223,'PMS 322','#007272',NULL,NULL),(224,'PMS 323','#006663',NULL,NULL),(225,'PMS 324','#aaddd6',NULL,NULL),(226,'PMS 325','#56c9c1',NULL,NULL),(227,'PMS 326','#00b2aa',NULL,NULL),(228,'PMS 327','#008c82',NULL,NULL),(229,'PMS 328','#007770',NULL,NULL),(230,'PMS 329','#006d66',NULL,NULL),(231,'PMS 330','#005951',NULL,NULL),(232,'PMS 331','#baead6',NULL,NULL),(233,'PMS 332','#a0e5ce',NULL,NULL),(234,'PMS 333','#5eddc1',NULL,NULL),(235,'PMS 334','#00997c',NULL,NULL),(236,'PMS 335','#007c66',NULL,NULL),(237,'PMS 336','#006854',NULL,NULL),(238,'PMS 337','#9bdbc1',NULL,NULL),(239,'PMS 338','#7ad1b5',NULL,NULL),(240,'PMS 339','#00b28c',NULL,NULL),(241,'PMS 340','#009977',NULL,NULL),(242,'PMS 341','#007a5e',NULL,NULL),(243,'PMS 342','#006b54',NULL,NULL),(244,'PMS 343','#00563f',NULL,NULL),(245,'PMS 344','#b5e2bf',NULL,NULL),(246,'PMS 345','#96d8af',NULL,NULL),(247,'PMS 346','#70ce9b',NULL,NULL),(248,'PMS 347','#009e60',NULL,NULL),(249,'PMS 348','#008751',NULL,NULL),(250,'PMS 349','#006b3f',NULL,NULL),(251,'PMS 350','#234f33',NULL,NULL),(252,'PMS 351','#b5e8bf',NULL,NULL),(253,'PMS 352','#99e5b2',NULL,NULL),(254,'PMS 353','#84e2a8',NULL,NULL),(255,'PMS 354','#00b760',NULL,NULL),(256,'PMS 355','#009e49',NULL,NULL),(257,'PMS 356','#007a3d',NULL,NULL),(258,'PMS 357','#215b33',NULL,NULL),(259,'PMS 358','#aadd96',NULL,NULL),(260,'PMS 359','#a0db8e',NULL,NULL),(261,'PMS 360','#60c659',NULL,NULL),(262,'PMS 361','#1eb53a',NULL,NULL),(263,'PMS 362','#339e35',NULL,NULL),(264,'PMS 363','#3d8e33',NULL,NULL),(265,'PMS 364','#3a7728',NULL,NULL),(266,'PMS 365','#d3e8a3',NULL,NULL),(267,'PMS 366','#c4e58e',NULL,NULL),(268,'PMS 367','#aadd6d',NULL,NULL),(269,'PMS 368','#5bbf21',NULL,NULL),(270,'PMS 369','#56aa1c',NULL,NULL),(271,'PMS 370','#568e14',NULL,NULL),(272,'PMS 371','#566b21',NULL,NULL),(273,'PMS 372','#d8ed96',NULL,NULL),(274,'PMS 373','#ceea82',NULL,NULL),(275,'PMS 374','#bae860',NULL,NULL),(276,'PMS 375','#8cd600',NULL,NULL),(277,'PMS 376','#7fba00',NULL,NULL),(278,'PMS 377','#709302',NULL,NULL),(279,'PMS 378','#566314',NULL,NULL),(280,'PMS 379','#e0ea68',NULL,NULL),(281,'PMS 380','#d6e542',NULL,NULL),(282,'PMS 381','#cce226',NULL,NULL),(283,'PMS 382','#bad80a',NULL,NULL),(284,'PMS 383','#a3af07',NULL,NULL),(285,'PMS 384','#939905',NULL,NULL),(286,'PMS 385','#707014',NULL,NULL),(287,'PMS 386','#e8ed60',NULL,NULL),(288,'PMS 387','#e0ed44',NULL,NULL),(289,'PMS 388','#d6e80f',NULL,NULL),(290,'PMS 389','#cee007',NULL,NULL),(291,'PMS 390','#bac405',NULL,NULL),(292,'PMS 391','#9e9e07',NULL,NULL),(293,'PMS 392','#848205',NULL,NULL),(294,'PMS 393','#f2ef87',NULL,NULL),(295,'PMS 394','#eaed35',NULL,NULL),(296,'PMS 395','#e5e811',NULL,NULL),(297,'PMS 396','#e0e20c',NULL,NULL),(298,'PMS 397','#c1bf0a',NULL,NULL),(299,'PMS 398','#afa80a',NULL,NULL),(300,'PMS 399','#998e07',NULL,NULL),(301,'PMS 400','#d1c6b5',NULL,NULL),(302,'PMS 401','#c1b5a5',NULL,NULL),(303,'PMS 402','#afa593',NULL,NULL),(304,'PMS 403','#998c7c',NULL,NULL),(305,'PMS 404','#827566',NULL,NULL),(306,'PMS 405','#6b5e4f',NULL,NULL),(307,'PMS 406','#cec1b5',NULL,NULL),(308,'PMS 407','#baaa9e',NULL,NULL),(309,'PMS 408','#a8998c',NULL,NULL),(310,'PMS 409','#99897c',NULL,NULL),(311,'PMS 410','#7c6d63',NULL,NULL),(312,'PMS 411','#66594c',NULL,NULL),(313,'PMS 412','#3d3028',NULL,NULL),(314,'PMS 413','#c6c1b2',NULL,NULL),(315,'PMS 414','#b5afa0',NULL,NULL),(316,'PMS 415','#a39e8c',NULL,NULL),(317,'PMS 416','#8e8c7a',NULL,NULL),(318,'PMS 417','#777263',NULL,NULL),(319,'PMS 418','#605e4f',NULL,NULL),(320,'PMS 419','#282821',NULL,NULL),(321,'PMS 420','#d1ccbf',NULL,NULL),(322,'PMS 421','#bfbaaf',NULL,NULL),(323,'PMS 422','#afaaa3',NULL,NULL),(324,'PMS 423','#96938e',NULL,NULL),(325,'PMS 424','#827f77',NULL,NULL),(326,'PMS 425','#60605b',NULL,NULL),(327,'PMS 426','#2b2b28',NULL,NULL),(328,'PMS 427','#dddbd1',NULL,NULL),(329,'PMS 428','#d1cec6',NULL,NULL),(330,'PMS 429','#adafaa',NULL,NULL),(331,'PMS 430','#919693',NULL,NULL),(332,'PMS 431','#666d70',NULL,NULL),(333,'PMS 432','#444f51',NULL,NULL),(334,'PMS 433','#30383a',NULL,NULL),(335,'PMS 434','#e0d1c6',NULL,NULL),(336,'PMS 435','#d3bfb7',NULL,NULL),(337,'PMS 436','#bca59e',NULL,NULL),(338,'PMS 437','#8c706b',NULL,NULL),(339,'PMS 438','#593f3d',NULL,NULL),(340,'PMS 439','#493533',NULL,NULL),(341,'PMS 440','#3f302b',NULL,NULL),(342,'PMS 441','#d1d1c6',NULL,NULL),(343,'PMS 442','#babfb7',NULL,NULL),(344,'PMS 443','#a3a8a3',NULL,NULL),(345,'PMS 444','#898e8c',NULL,NULL),(346,'PMS 445','#565959',NULL,NULL),(347,'PMS 446','#494c49',NULL,NULL),(348,'PMS 447','#3f3f38',NULL,NULL),(349,'PMS 448','#54472d',NULL,NULL),(350,'PMS 449','#544726',NULL,NULL),(351,'PMS 450','#60542b',NULL,NULL),(352,'PMS 451','#ada07a',NULL,NULL),(353,'PMS 452','#c4b796',NULL,NULL),(354,'PMS 453','#d6ccaf',NULL,NULL),(355,'PMS 454','#e2d8bf',NULL,NULL),(356,'PMS 455','#665614',NULL,NULL),(357,'PMS 456','#998714',NULL,NULL),(358,'PMS 457','#b59b0c',NULL,NULL),(359,'PMS 458','#ddcc6b',NULL,NULL),(360,'PMS 459','#e2d67c',NULL,NULL),(361,'PMS 460','#eadd96',NULL,NULL),(362,'PMS 461','#ede5ad',NULL,NULL),(363,'PMS 462','#5b4723',NULL,NULL),(364,'PMS 463','#755426',NULL,NULL),(365,'PMS 464','#876028',NULL,NULL),(366,'PMS 465','#c1a875',NULL,NULL),(367,'PMS 466','#d1bf91',NULL,NULL),(368,'PMS 467','#ddcca5',NULL,NULL),(369,'PMS 468','#e2d6b5',NULL,NULL),(370,'PMS 469','#603311',NULL,NULL),(371,'PMS 476','#593d2b',NULL,NULL),(372,'PMS 477','#633826',NULL,NULL),(373,'PMS 478','#7a3f28',NULL,NULL),(374,'PMS 479','#af8970',NULL,NULL),(375,'PMS 480','#d3b7a3',NULL,NULL),(376,'PMS 481','#e0ccba',NULL,NULL),(377,'PMS 482','#e5d3c1',NULL,NULL),(378,'PMS 483','#6b3021',NULL,NULL),(379,'PMS 484','#9b301c',NULL,NULL),(380,'PMS 485','#d81e05',NULL,NULL),(381,'PMS 486','#ed9e84',NULL,NULL),(382,'PMS 487','#efb5a0',NULL,NULL),(383,'PMS 488','#f2c4af',NULL,NULL),(384,'PMS 489','#f2d1bf',NULL,NULL),(385,'PMS 490','#5b2626',NULL,NULL),(386,'PMS 491','#752828',NULL,NULL),(387,'PMS 492','#913338',NULL,NULL),(388,'PMS 493','#db828c',NULL,NULL),(389,'PMS 494','#f2adb2',NULL,NULL),(390,'PMS 495','#f4bcbf',NULL,NULL),(391,'PMS 496','#f7c9c6',NULL,NULL),(392,'PMS 497','#512826',NULL,NULL),(393,'PMS 498','#6d332b',NULL,NULL),(394,'PMS 499','#7a382d',NULL,NULL),(395,'PMS 500','#ce898c',NULL,NULL),(396,'PMS 501','#eab2b2',NULL,NULL),(397,'PMS 502','#f2c6c4',NULL,NULL),(398,'PMS 503','#f4d1cc',NULL,NULL),(399,'PMS 504','#511e26',NULL,NULL),(400,'PMS 505','#661e2b',NULL,NULL),(401,'PMS 506','#7a2638',NULL,NULL),(402,'PMS 507','#d8899b',NULL,NULL),(403,'PMS 508','#e8a5af',NULL,NULL),(404,'PMS 509','#f2babf',NULL,NULL),(405,'PMS 510','#f4c6c9',NULL,NULL),(406,'PMS 511','#602144',NULL,NULL),(407,'PMS 512','#84216b',NULL,NULL),(408,'PMS 513','#9e2387',NULL,NULL),(409,'PMS 514','#d884bc',NULL,NULL),(410,'PMS 515','#e8a3c9',NULL,NULL),(411,'PMS 516','#f2bad3',NULL,NULL),(412,'PMS 517','#f4ccd8',NULL,NULL),(413,'PMS 518','#512d44',NULL,NULL),(414,'PMS 519','#63305e',NULL,NULL),(415,'PMS 520','#703572',NULL,NULL),(416,'PMS 521','#b58cb2',NULL,NULL),(417,'PMS 522','#c6a3c1',NULL,NULL),(418,'PMS 523','#d3b7cc',NULL,NULL),(419,'PMS 524','#e2ccd3',NULL,NULL),(420,'PMS 525','#512654',NULL,NULL),(421,'PMS 526','#68217a',NULL,NULL),(422,'PMS 527','#7a1e99',NULL,NULL),(423,'PMS 528','#af72c1',NULL,NULL),(424,'PMS 529','#cea3d3',NULL,NULL),(425,'PMS 530','#d6afd6',NULL,NULL),(426,'PMS 531','#e5c6db',NULL,NULL),(427,'PMS 532','#353842',NULL,NULL),(428,'PMS 533','#353f5b',NULL,NULL),(429,'PMS 534','#3a4972',NULL,NULL),(430,'PMS 535','#9ba3b7',NULL,NULL),(431,'PMS 536','#adb2c1',NULL,NULL),(432,'PMS 537','#c4c6ce',NULL,NULL),(433,'PMS 538','#d6d3d6',NULL,NULL),(434,'PMS 539','#003049',NULL,NULL),(435,'PMS 540','#00335b',NULL,NULL),(436,'PMS 541','#003f77',NULL,NULL),(437,'PMS 542','#6693bc',NULL,NULL),(438,'PMS 543','#93b7d1',NULL,NULL),(439,'PMS 544','#b7ccdb',NULL,NULL),(440,'PMS 545','#c4d3dd',NULL,NULL),(441,'PMS 546','#0c3844',NULL,NULL),(442,'PMS 547','#003f54',NULL,NULL),(443,'PMS 548','#004459',NULL,NULL),(444,'PMS 549','#5e99aa',NULL,NULL),(445,'PMS 550','#87afbf',NULL,NULL),(446,'PMS 551','#a3c1c9',NULL,NULL),(447,'PMS 552','#c4d6d6',NULL,NULL),(448,'PMS 553','#234435',NULL,NULL),(449,'PMS 554','#195e47',NULL,NULL),(450,'PMS 555','#076d54',NULL,NULL),(451,'PMS 556','#7aa891',NULL,NULL),(452,'PMS 557','#a3c1ad',NULL,NULL),(453,'PMS 558','#b7cebc',NULL,NULL),(454,'PMS 559','#c6d6c4',NULL,NULL),(455,'PMS 560','#2b4c3f',NULL,NULL),(456,'PMS 561','#266659',NULL,NULL),(457,'PMS 562','#1e7a6d',NULL,NULL),(458,'PMS 563','#7fbcaa',NULL,NULL),(459,'PMS 564','#a0cebc',NULL,NULL),(460,'PMS 565','#bcdbcc',NULL,NULL),(461,'PMS 566','#d1e2d3',NULL,NULL),(462,'PMS 568','#d6d6c6',NULL,NULL),(463,'PMS 569','#05705e',NULL,NULL),(464,'PMS 570','#008772',NULL,NULL),(465,'PMS 571','#7fc6b2',NULL,NULL),(466,'PMS 572','#aadbc6',NULL,NULL),(467,'PMS 573','#bce2ce',NULL,NULL),(468,'PMS 574','#cce5d6',NULL,NULL),(469,'PMS 575','#495928',NULL,NULL),(470,'PMS 576','#547730',NULL,NULL),(471,'PMS 577','#608e3a',NULL,NULL),(472,'PMS 578','#b5cc8e',NULL,NULL),(473,'PMS 579','#c6d6a0',NULL,NULL),(474,'PMS 580','#c9d6a3',NULL,NULL),(475,'PMS 803','#c6c6a5',NULL,NULL),(476,'PMS 581','#e0ddbc',NULL,NULL),(477,'PMS 582','#605e11',NULL,NULL),(478,'PMS 583','#878905',NULL,NULL),(479,'PMS 584','#aaba0a',NULL,NULL),(480,'PMS 585','#dbe06b',NULL,NULL),(481,'PMS 586','#e2e584',NULL,NULL),(482,'PMS 587','#e8e89b',NULL,NULL),(483,'PMS 600','#f4edaf',NULL,NULL),(484,'PMS 601','#f2ed9e',NULL,NULL),(485,'PMS 602','#f2ea87',NULL,NULL),(486,'PMS 603','#ede85b',NULL,NULL),(487,'PMS 604','#e8dd21',NULL,NULL),(488,'PMS 605','#ddce11',NULL,NULL),(489,'PMS 606','#d3bf11',NULL,NULL),(490,'PMS 607','#f2eabc',NULL,NULL),(491,'PMS 608','#efe8ad',NULL,NULL),(492,'PMS 609','#eae596',NULL,NULL),(493,'PMS 610','#e2db72',NULL,NULL),(494,'PMS 611','#d6ce49',NULL,NULL),(495,'PMS 612','#c4ba00',NULL,NULL),(496,'PMS 613','#afa00c',NULL,NULL),(497,'PMS 614','#eae2b7',NULL,NULL),(498,'PMS 615','#e2dbaa',NULL,NULL),(499,'PMS 616','#ddd69b',NULL,NULL),(500,'PMS 617','#ccc47c',NULL,NULL),(501,'PMS 618','#b5aa59',NULL,NULL),(502,'PMS 619','#968c28',NULL,NULL),(503,'PMS 620','#847711',NULL,NULL),(504,'PMS 621','#d8ddce',NULL,NULL),(505,'PMS 622','#c1d1bf',NULL,NULL),(506,'PMS 623','#a5bfaa',NULL,NULL),(507,'PMS 624','#7fa08c',NULL,NULL),(508,'PMS 625','#5b8772',NULL,NULL),(509,'PMS 626','#21543f',NULL,NULL),(510,'PMS 627','#0c3026',NULL,NULL),(511,'PMS 628','#cce2dd',NULL,NULL),(512,'PMS 629','#b2d8d8',NULL,NULL),(513,'PMS 630','#8cccd3',NULL,NULL),(514,'PMS 631','#54b7c6',NULL,NULL),(515,'PMS 632','#00a0ba',NULL,NULL),(516,'PMS 633','#007f99',NULL,NULL),(517,'PMS 634','#00667f',NULL,NULL),(518,'PMS 635','#bae0e0',NULL,NULL),(519,'PMS 636','#99d6dd',NULL,NULL),(520,'PMS 637','#6bc9db',NULL,NULL),(521,'PMS 638','#00b5d6',NULL,NULL),(522,'PMS 639','#00a0c4',NULL,NULL),(523,'PMS 640','#008cb2',NULL,NULL),(524,'PMS 641','#007aa5',NULL,NULL),(525,'PMS 642','#d1d8d8',NULL,NULL),(526,'PMS 643','#c6d1d6',NULL,NULL),(527,'PMS 644','#9bafc4',NULL,NULL),(528,'PMS 645','#7796b2',NULL,NULL),(529,'PMS 646','#5e82a3',NULL,NULL),(530,'PMS 647','#26547c',NULL,NULL),(531,'PMS 648','#00305e',NULL,NULL),(532,'PMS 649','#d6d6d8',NULL,NULL),(533,'PMS 650','#bfc6d1',NULL,NULL),(534,'PMS 651','#9baabf',NULL,NULL),(535,'PMS 652','#6d87a8',NULL,NULL),(536,'PMS 653','#335687',NULL,NULL),(537,'PMS 654','#0f2b5b',NULL,NULL),(538,'PMS 655','#0c1c47',NULL,NULL),(539,'PMS 656','#d6dbe0',NULL,NULL),(540,'PMS 657','#c1c9dd',NULL,NULL),(541,'PMS 658','#a5afd6',NULL,NULL),(542,'PMS 659','#7f8cbf',NULL,NULL),(543,'PMS 660','#5960a8',NULL,NULL),(544,'PMS 661','#2d338e',NULL,NULL),(545,'PMS 662','#0c1975',NULL,NULL),(546,'PMS 663','#e2d3d6',NULL,NULL),(547,'PMS 664','#d8ccd1',NULL,NULL),(548,'PMS 665','#c6b5c4',NULL,NULL),(549,'PMS 666','#a893ad',NULL,NULL),(550,'PMS 667','#7f6689',NULL,NULL),(551,'PMS 668','#664975',NULL,NULL),(552,'PMS 669','#472b59',NULL,NULL),(553,'PMS 670','#f2d6d8',NULL,NULL),(554,'PMS 671','#efc6d3',NULL,NULL),(555,'PMS 672','#eaaac4',NULL,NULL),(556,'PMS 673','#e08cb2',NULL,NULL),(557,'PMS 674','#d36b9e',NULL,NULL),(558,'PMS 675','#bc3877',NULL,NULL),(559,'PMS 676','#a00054',NULL,NULL),(560,'PMS 677','#edd6d6',NULL,NULL),(561,'PMS 678','#eaccce',NULL,NULL),(562,'PMS 679','#e5bfc6',NULL,NULL),(563,'PMS 680','#d39eaf',NULL,NULL),(564,'PMS 681','#b7728e',NULL,NULL),(565,'PMS 682','#a05175',NULL,NULL),(566,'PMS 683','#7f284f',NULL,NULL),(567,'PMS 684','#efccce',NULL,NULL),(568,'PMS 685','#eabfc4',NULL,NULL),(569,'PMS 686','#e0aaba',NULL,NULL),(570,'PMS 687','#c9899e',NULL,NULL),(571,'PMS 688','#b26684',NULL,NULL),(572,'PMS 689','#934266',NULL,NULL),(573,'PMS 690','#702342',NULL,NULL),(574,'PMS 691','#efd1c9',NULL,NULL),(575,'PMS 692','#e8bfba',NULL,NULL),(576,'PMS 693','#dba8a5',NULL,NULL),(577,'PMS 694','#c98c8c',NULL,NULL),(578,'PMS 695','#b26b70',NULL,NULL),(579,'PMS 696','#8e4749',NULL,NULL),(580,'PMS 697','#7f383a',NULL,NULL),(581,'PMS 698','#f7d1cc',NULL,NULL),(582,'PMS 699','#f7bfbf',NULL,NULL),(583,'PMS 700','#f2a5aa',NULL,NULL),(584,'PMS 701','#e8878e',NULL,NULL),(585,'PMS 702','#d6606d',NULL,NULL),(586,'PMS 703','#b73844',NULL,NULL),(587,'PMS 704','#9e2828',NULL,NULL),(588,'PMS 705','#f9ddd6',NULL,NULL),(589,'PMS 706','#fcc9c6',NULL,NULL),(590,'PMS 707','#fcadaf',NULL,NULL),(591,'PMS 708','#f98e99',NULL,NULL),(592,'PMS 709','#f26877',NULL,NULL),(593,'PMS 710','#e04251',NULL,NULL),(594,'PMS 711','#d12d33',NULL,NULL),(595,'PMS 712','#ffd3aa',NULL,NULL),(596,'PMS 713','#f9c9a3',NULL,NULL),(597,'PMS 714','#f9ba82',NULL,NULL),(598,'PMS 715','#fc9e49',NULL,NULL),(599,'PMS 716','#f28411',NULL,NULL),(600,'PMS 717','#d36d00',NULL,NULL),(601,'PMS 718','#bf5b00',NULL,NULL),(602,'PMS 719','#f4d1af',NULL,NULL),(603,'PMS 720','#efc49e',NULL,NULL),(604,'PMS 721','#e8b282',NULL,NULL),(605,'PMS 722','#d18e54',NULL,NULL),(606,'PMS 723','#ba7530',NULL,NULL),(607,'PMS 724','#8e4905',NULL,NULL),(608,'PMS 725','#753802',NULL,NULL),(609,'PMS 726','#edd3b5',NULL,NULL),(610,'PMS 727','#e2bf9b',NULL,NULL),(611,'PMS 728','#d3a87c',NULL,NULL),(612,'PMS 729','#c18e60',NULL,NULL),(613,'PMS 730','#aa753f',NULL,NULL),(614,'PMS 731','#723f0a',NULL,NULL),(615,'PMS 732','#60330a',NULL,NULL),(616,'PMS 801','#00aacc',NULL,NULL),(617,'PMS 802','#60dd49',NULL,NULL),(618,'PMS 803','#ffed38',NULL,NULL),(619,'PMS 804','#ff9338',NULL,NULL),(620,'PMS 805','#f95951',NULL,NULL),(621,'PMS 806','#ff0093',NULL,NULL),(622,'PMS 807','#d6009e',NULL,NULL),(623,'PMS 808','#00b59b',NULL,NULL),(624,'PMS 809','#dde00f',NULL,NULL),(625,'PMS 810','#ffcc1e',NULL,NULL),(626,'PMS 811','#ff7247',NULL,NULL),(627,'PMS 812','#fc2366',NULL,NULL),(628,'PMS 813','#e50099',NULL,NULL),(629,'PMS 814','#8c60c1',NULL,NULL),(630,'PMS 2905','#93c6e0',NULL,NULL),(631,'PMS 2915','#60afdd',NULL,NULL),(632,'PMS 2925','#008ed6',NULL,NULL),(633,'PMS 2935','#005bbf',NULL,NULL),(634,'PMS 2945','#0054a0',NULL,NULL),(635,'PMS 2955','#003d6b',NULL,NULL),(636,'PMS 2965','#00334c',NULL,NULL),(637,'PMS 2975','#bae0e2',NULL,NULL),(638,'PMS 2985','#51bfe2',NULL,NULL),(639,'PMS 2995','#00a5db',NULL,NULL),(640,'PMS 3005','#0084c9',NULL,NULL),(641,'PMS 3015','#00709e',NULL,NULL),(642,'PMS 3025','#00546b',NULL,NULL),(643,'PMS 3035','#004454',NULL,NULL),(644,'PMS 3105','#7fd6db',NULL,NULL),(645,'PMS 3115','#2dc6d6',NULL,NULL),(646,'PMS 3125','#00b7c6',NULL,NULL),(647,'PMS 3135','#009baa',NULL,NULL),(648,'PMS 3145','#00848e',NULL,NULL),(649,'PMS 3155','#006d75',NULL,NULL),(650,'PMS 3165','#00565b',NULL,NULL),(651,'PMS 5743','#d8ddb5',NULL,NULL),(652,'PMS 5753','#3f4926',NULL,NULL),(653,'PMS 5763','#5e663a',NULL,NULL),(654,'PMS 5773','#777c4f',NULL,NULL),(655,'PMS 5783','#9b9e72',NULL,NULL),(656,'PMS 5793','#b5b58e',NULL,NULL),(657,'PMS 5747','#d8d6b7',NULL,NULL),(658,'PMS 5757','#424716',NULL,NULL),(659,'PMS 5767','#6b702b',NULL,NULL),(660,'PMS 5777','#8c914f',NULL,NULL),(661,'PMS 5787','#aaad75',NULL,NULL),(662,'PMS 5797','#c6c699',NULL,NULL),(663,'PMS 5807','#d3d1aa',NULL,NULL),(664,'PMS 5815','#494411',NULL,NULL),(665,'PMS 5825','#75702b',NULL,NULL),(666,'PMS 5835','#9e9959',NULL,NULL),(667,'PMS 5845','#b2aa70',NULL,NULL),(668,'PMS 5855','#ccc693',NULL,NULL),(669,'PMS 5865','#d6cea3',NULL,NULL),(670,'PMS 5875','#e0dbb5',NULL,NULL),(671,'PMS 5115','#4f213a',NULL,NULL),(672,'PMS 5125','#754760',NULL,NULL),(673,'PMS 5135','#936b7f',NULL,NULL),(674,'PMS 5145','#ad8799',NULL,NULL),(675,'PMS 5155','#ccafb7',NULL,NULL),(676,'PMS 5165','#e0c9cc',NULL,NULL),(677,'PMS 5175','#e8d6d1',NULL,NULL),(678,'PMS 5185','#472835',NULL,NULL),(679,'PMS 5195','#593344',NULL,NULL),(680,'PMS 5205','#8e6877',NULL,NULL),(681,'PMS 5215','#b5939b',NULL,NULL),(682,'PMS 5225','#ccadaf',NULL,NULL),(683,'PMS 5235','#ddc6c4',NULL,NULL),(684,'PMS 5245','#e5d3cc',NULL,NULL),(685,'PMS 5255','#35264f',NULL,NULL),(686,'PMS 5265','#493d63',NULL,NULL),(687,'PMS 5275','#605677',NULL,NULL),(688,'PMS 5285','#8c8299',NULL,NULL),(689,'PMS 5295','#b2a8b5',NULL,NULL),(690,'PMS 5305','#ccc1c6',NULL,NULL),(691,'PMS 5315','#dbd3d3',NULL,NULL),(692,'PMS 5395','#02283a',NULL,NULL),(693,'PMS 5405','#3f6075',NULL,NULL),(694,'PMS 5415','#607c8c',NULL,NULL),(695,'PMS 5425','#8499a5',NULL,NULL),(696,'PMS 5435','#afbcbf',NULL,NULL),(697,'PMS 5445','#c4cccc',NULL,NULL),(698,'PMS 5455','#d6d8d3',NULL,NULL),(699,'PMS 5463','#00353a',NULL,NULL),(700,'PMS 5473','#26686d',NULL,NULL),(701,'PMS 5483','#609191',NULL,NULL),(702,'PMS 5493','#8cafad',NULL,NULL),(703,'PMS 5503','#aac4bf',NULL,NULL),(704,'PMS 5513','#ced8d1',NULL,NULL),(705,'PMS 5523','#d6ddd6',NULL,NULL),(706,'PMS 5467','#193833',NULL,NULL),(707,'PMS 5477','#3a564f',NULL,NULL),(708,'PMS 5487','#667c72',NULL,NULL),(709,'PMS 5497','#91a399',NULL,NULL),(710,'PMS 5507','#afbab2',NULL,NULL),(711,'PMS 5517','#c9cec4',NULL,NULL),(712,'PMS 5527','#ced1c6',NULL,NULL),(713,'PMS 5535','#213d30',NULL,NULL),(714,'PMS 5545','#4f6d5e',NULL,NULL),(715,'PMS 5555','#779182',NULL,NULL),(716,'PMS 5565','#96aa99',NULL,NULL),(717,'PMS 5575','#afbfad',NULL,NULL),(718,'PMS 5585','#c4cebf',NULL,NULL),(719,'PMS 5595','#d8dbcc',NULL,NULL),(720,'PMS 5605','#233a2d',NULL,NULL),(721,'PMS 5615','#546856',NULL,NULL),(722,'PMS 5625','#728470',NULL,NULL),(723,'PMS 5635','#9eaa99',NULL,NULL),(724,'PMS 5645','#bcc1b2',NULL,NULL),(725,'PMS 5655','#c6ccba',NULL,NULL),(726,'PMS 4485','#604c11',NULL,NULL),(727,'PMS 4495','#877530',NULL,NULL),(728,'PMS 4505','#a09151',NULL,NULL),(729,'PMS 4515','#bcad75',NULL,NULL),(730,'PMS 4525','#ccbf8e',NULL,NULL),(731,'PMS 4535','#dbcea5',NULL,NULL),(732,'PMS 4545','#e5dbba',NULL,NULL),(733,'PMS 4625','#472311',NULL,NULL),(734,'PMS 4635','#8c5933',NULL,NULL),(735,'PMS 4645','#b28260',NULL,NULL),(736,'PMS 4655','#c49977',NULL,NULL),(737,'PMS 4665','#d8b596',NULL,NULL),(738,'PMS 4675','#e5c6aa',NULL,NULL),(739,'PMS 4685','#edd3bc',NULL,NULL),(740,'PMS 4695','#51261c',NULL,NULL),(741,'PMS 4705','#7c513d',NULL,NULL),(742,'PMS 4715','#99705b',NULL,NULL),(743,'PMS 4725','#b5917c',NULL,NULL),(744,'PMS 4735','#ccaf9b',NULL,NULL),(745,'PMS 4745','#d8bfaa',NULL,NULL),(746,'PMS 4755','#e2ccba',NULL,NULL),(747,'PMS 4975','#441e1c',NULL,NULL),(748,'PMS 4985','#844949',NULL,NULL),(749,'PMS 4995','#a56b6d',NULL,NULL),(750,'PMS 5005','#bc8787',NULL,NULL),(751,'PMS 5015','#d8ada8',NULL,NULL),(752,'PMS 5025','#e2bcb7',NULL,NULL),(753,'PMS 5035','#edcec6',NULL,NULL),(754,'PMS 1345','#ffd691',NULL,NULL),(755,'PMS 1355','#fcce87',NULL,NULL),(756,'PMS 1365','#fcba5e',NULL,NULL),(757,'PMS 1375','#f99b0c',NULL,NULL),(758,'PMS 1385','#cc7a02',NULL,NULL),(759,'PMS 1395','#996007',NULL,NULL),(760,'PMS 1405','#6b4714',NULL,NULL),(761,'PMS 1485','#ffb777',NULL,NULL),(762,'PMS 1495','#ff993f',NULL,NULL),(763,'PMS 1505','#f47c00',NULL,NULL),(764,'PMS 1525','#b55400',NULL,NULL),(765,'PMS 1535','#8c4400',NULL,NULL),(766,'PMS 1545','#4c280f',NULL,NULL),(767,'PMS 1555','#f9bf9e',NULL,NULL),(768,'PMS 1565','#fca577',NULL,NULL),(769,'PMS 1575','#fc8744',NULL,NULL),(770,'PMS 1585','#f96b07',NULL,NULL),(771,'PMS 1595','#d15b05',NULL,NULL),(772,'PMS 1605','#a04f11',NULL,NULL),(773,'PMS 1615','#843f0f',NULL,NULL),(774,'PMS 1625','#f9a58c',NULL,NULL),(775,'PMS 1635','#f98e6d',NULL,NULL),(776,'PMS 1645','#f97242',NULL,NULL),(777,'PMS 1655','#f95602',NULL,NULL),(778,'PMS 1665','#f95602',NULL,NULL),(779,'PMS 1675','#a53f0f',NULL,NULL),(780,'PMS 1685','#843511',NULL,NULL),(781,'PMS 1765','#f99ea3',NULL,NULL),(782,'PMS 1775','#f9848e',NULL,NULL),(783,'PMS 1785','#fc4f59',NULL,NULL),(784,'PMS 1788','#ef2b2d',NULL,NULL),(785,'PMS 1795','#d62828',NULL,NULL),(786,'PMS 1805','#af2626',NULL,NULL),(787,'PMS 1815','#7c211e',NULL,NULL),(788,'PMS 1767','#f9b2b7',NULL,NULL),(789,'PMS 1777','#fc6675',NULL,NULL),(790,'PMS 1787','#f43f4f',NULL,NULL),(791,'PMS 1797','#cc2d30',NULL,NULL),(792,'PMS 1807','#a03033',NULL,NULL),(793,'PMS 1817','#5b2d28',NULL,NULL),(794,'PMS 1895','#fcbfc9',NULL,NULL),(795,'PMS 1905','#fc9bb2',NULL,NULL),(796,'PMS 1915','#f4547c',NULL,NULL),(797,'PMS 1925','#e00747',NULL,NULL),(798,'PMS 1935','#c10538',NULL,NULL),(799,'PMS 1945','#a80c35',NULL,NULL),(800,'PMS 1955','#931638',NULL,NULL),(801,'PMS 2365','#f7c4d8',NULL,NULL),(802,'PMS 2375','#ea6bbf',NULL,NULL),(803,'PMS 2385','#db28a5',NULL,NULL),(804,'PMS 2395','#c4008c',NULL,NULL),(805,'PMS 2405','#a8007a',NULL,NULL),(806,'PMS 2415','#9b0070',NULL,NULL),(807,'PMS 2425','#87005b',NULL,NULL),(808,'PMS 2562','#d8a8d8',NULL,NULL),(809,'PMS 2572','#c687d1',NULL,NULL),(810,'PMS 2582','#aa47ba',NULL,NULL),(811,'PMS 2592','#930fa5',NULL,NULL),(812,'PMS 2602','#820c8e',NULL,NULL),(813,'PMS 2612','#701e72',NULL,NULL),(814,'PMS 2622','#602d59',NULL,NULL),(815,'PMS 2563','#d1a0cc',NULL,NULL),(816,'PMS 2573','#ba7cbc',NULL,NULL),(817,'PMS 2583','#9e4fa5',NULL,NULL),(818,'PMS 2593','#872b93',NULL,NULL),(819,'PMS 2603','#70147a',NULL,NULL),(820,'PMS 2613','#66116d',NULL,NULL),(821,'PMS 2623','#5b195e',NULL,NULL),(822,'PMS 2567','#bf93cc',NULL,NULL),(823,'PMS 2577','#aa72bf',NULL,NULL),(824,'PMS 2587','#8e47ad',NULL,NULL),(825,'PMS 2597','#66008c',NULL,NULL),(826,'PMS 2607','#5b027a',NULL,NULL),(827,'PMS 2617','#560c70',NULL,NULL),(828,'PMS 2627','#4c145e',NULL,NULL),(829,'PMS 2635','#c9add8',NULL,NULL),(830,'PMS 2645','#b591d1',NULL,NULL),(831,'PMS 2655','#9b6dc6',NULL,NULL),(832,'PMS 2665','#894fbf',NULL,NULL),(833,'PMS 2685','#56008c',NULL,NULL),(834,'PMS 2695','#44235e',NULL,NULL),(835,'PMS 2705','#ad9ed3',NULL,NULL),(836,'PMS 2715','#937acc',NULL,NULL),(837,'PMS 2725','#7251bc',NULL,NULL),(838,'PMS 2735','#4f0093',NULL,NULL),(839,'PMS 2745','#3f0077',NULL,NULL),(840,'PMS 2755','#35006d',NULL,NULL),(841,'PMS 2765','#2b0c56',NULL,NULL),(842,'PMS 2706','#d1cedd',NULL,NULL),(843,'PMS 2716','#a5a0d6',NULL,NULL),(844,'PMS 2726','#6656bc',NULL,NULL),(845,'PMS 2736','#4930ad',NULL,NULL),(846,'PMS 2746','#3f2893',NULL,NULL),(847,'PMS 2756','#332875',NULL,NULL),(848,'PMS 2766','#2b265b',NULL,NULL),(849,'PMS 2707','#bfd1e5',NULL,NULL),(850,'PMS 2717','#a5bae0',NULL,NULL),(851,'PMS 2727','#5e68c4',NULL,NULL),(852,'PMS 2747','#1c146b',NULL,NULL),(853,'PMS 2757','#141654',NULL,NULL),(854,'PMS 2767','#14213d',NULL,NULL),(855,'PMS 2708','#afbcdb',NULL,NULL),(856,'PMS 2718','#5b77cc',NULL,NULL),(857,'PMS 2728','#3044b5',NULL,NULL),(858,'PMS 2738','#2d008e',NULL,NULL),(859,'PMS 2748','#1e1c77',NULL,NULL),(860,'PMS 2758','#192168',NULL,NULL),(861,'PMS 2768','#112151',NULL,NULL),(862,'PMS 3242','#87ddd1',NULL,NULL),(863,'PMS 3252','#56d6c9',NULL,NULL),(864,'PMS 3262','#00c1b5',NULL,NULL),(865,'PMS 3272','#00aa9e',NULL,NULL),(866,'PMS 3282','#008c82',NULL,NULL),(867,'PMS 3292','#006056',NULL,NULL),(868,'PMS 3302','#00493f',NULL,NULL),(869,'PMS 3245','#8ce0d1',NULL,NULL),(870,'PMS 3255','#47d6c1',NULL,NULL),(871,'PMS 3265','#00c6b2',NULL,NULL),(872,'PMS 3275','#00b2a0',NULL,NULL),(873,'PMS 3285','#009987',NULL,NULL),(874,'PMS 3295','#008272',NULL,NULL),(875,'PMS 3305','#004f42',NULL,NULL),(876,'PMS 3248','#7ad3c1',NULL,NULL),(877,'PMS 3258','#35c4af',NULL,NULL),(878,'PMS 3268','#00af99',NULL,NULL),(879,'PMS 3278','#009b84',NULL,NULL),(880,'PMS 3288','#008270',NULL,NULL),(881,'PMS 3298','#006b5b',NULL,NULL),(882,'PMS 3308','#004438',NULL,NULL),(883,'PMS 3375','#8ee2bc',NULL,NULL),(884,'PMS 3385','#54d8a8',NULL,NULL),(885,'PMS 3395','#00c993',NULL,NULL),(886,'PMS 3405','#00b27a',NULL,NULL),(887,'PMS 3415','#007c59',NULL,NULL),(888,'PMS 3425','#006847',NULL,NULL),(889,'PMS 3435','#024930',NULL,NULL),(890,'PMS 3935','#f2ed6d',NULL,NULL),(891,'PMS 3945','#efea07',NULL,NULL),(892,'PMS 3955','#ede211',NULL,NULL),(893,'PMS 3965','#e8dd11',NULL,NULL),(894,'PMS 3975','#b5a80c',NULL,NULL),(895,'PMS 3985','#998c0a',NULL,NULL),(896,'PMS 3995','#6d6002',NULL,NULL),(897,'PMS 1205','#f7e8aa',NULL,NULL),(898,'PMS 1215','#f9e08c',NULL,NULL),(899,'PMS 1225','#ffcc49',NULL,NULL),(900,'PMS 1235','#fcb514',NULL,NULL),(901,'PMS 1245','#bf910c',NULL,NULL),(902,'PMS 1255','#a37f14',NULL,NULL),(903,'PMS 1265','#7c6316',NULL,NULL),(904,'PMS 116 2X','#f7b50c',NULL,NULL),(905,'PMS 130 2X','#e29100',NULL,NULL),(906,'PMS 165 2X','#ea4f00',NULL,NULL),(907,'PMS 485 2X','#cc0c00',NULL,NULL),(908,'PMS 239 2X','#c4057c',NULL,NULL),(909,'PMS 299 2X','#007fcc',NULL,NULL),(910,'PMS 306 2X','#00a3d1',NULL,NULL),(911,'PMS 320 2X','#007f82',NULL,NULL),(912,'PMS 327 2X','#008977',NULL,NULL),(913,'PMS 354 2X','#009944',NULL,NULL),(914,'PMS 368 2X','#009e0f',NULL,NULL),(915,'PMS 375 2X','#54bc00',NULL,NULL),(916,'PMS 382 2X','#9ec400',NULL,NULL),(917,'PMS 471 2X','#a34402',NULL,NULL),(918,'PMS 464 2X','#704214',NULL,NULL),(919,'PMS 433 2X','#0a0c11',NULL,NULL),(920,'PMS 801 2X','#0089af',NULL,NULL),(921,'PMS 802 2X','#1cce28',NULL,NULL),(922,'PMS 803 2X','#ffd816',NULL,NULL),(923,'PMS 804 2X','#ff7f1e',NULL,NULL),(924,'PMS 805 2X','#f93a2b',NULL,NULL),(925,'PMS 806 2X','#f7027c',NULL,NULL),(926,'PMS 807 2X','#bf008c',NULL,NULL),(927,'PMS 808 2X','#00a087',NULL,NULL),(928,'PMS 809 2X','#d6d60c',NULL,NULL),(929,'PMS 810 2X','#ffbc21',NULL,NULL),(930,'PMS 811 2X','#ff5416',NULL,NULL),(931,'PMS 812 2X','#fc074f',NULL,NULL),(932,'PMS 813 2X','#d10084',NULL,NULL),(933,'PMS 814 2X','#703faf',NULL,NULL),(934,'PMS 1788 2X','#d62100',NULL,NULL),(935,'PMS 1852 2X','#d11600',NULL,NULL),(936,'PMS 2592 2X','#720082',NULL,NULL),(937,'Process Yellow','#f7e214',NULL,NULL),(938,'Pantone Yellow','#ad9b0c',NULL,NULL),(939,'Rubine Red 2X','#c6003d',NULL,NULL),(940,'Rhodamin Red 2X','#d10572',NULL,NULL),(941,'Reflex Blue 2X','#1c007a',NULL,NULL),(942,'Process Blue 2X','#0077bf',NULL,NULL),(943,'Process Blue','#0091c9',NULL,NULL),(944,'Rhodamine Red','#ed0091',NULL,NULL),(945,'Blue 072','#380096',NULL,NULL),(946,'Warm Red 2X','#e03a00',NULL,NULL),(947,'Reflex Blue','#0c1c8c',NULL,NULL),(948,'Yellow 2X','#fce216',NULL,NULL),(949,'Purple 2X','#aa0096',NULL,NULL),(950,'Violet 2X','#59008e',NULL,NULL),(951,'Green 2X','#009677',NULL,NULL),(952,'Black 2','#3a3321',NULL,NULL),(953,'Black 3','#282d26',NULL,NULL),(954,'Black 4','#3d3023',NULL,NULL),(955,'Black 5','#422d2d',NULL,NULL),(956,'Black 6','#1c2630',NULL,NULL),(957,'Black 7','#443d38',NULL,NULL),(958,'Black 2 2X','#111111',NULL,NULL),(959,'Black 3 2X','#111114',NULL,NULL),(960,'Black 4 2X','#0f0f0f',NULL,NULL),(961,'Black 5 2X','#110c0f',NULL,NULL),(962,'Black 6 2X','#070c0f',NULL,NULL),(963,'Black 7 2X','#33302b',NULL,NULL),(964,'Orange 021','#ef6b00',NULL,NULL),(965,'Warm Red','#f93f26',NULL,NULL),(966,'Rubine Red','#d10056',NULL,NULL),(967,'Purple','#bf30b5',NULL,NULL),(968,'Violet','#6607a5',NULL,NULL),(969,'Warm Gray 1','#e5dbcc',NULL,NULL),(970,'Warm Gray 2','#ddd1c1',NULL,NULL),(971,'Warm Gray 3','#ccc1b2',NULL,NULL),(972,'Warm Gray 4','#c1b5a5',NULL,NULL),(973,'Warm Gray 5','#b5a899',NULL,NULL),(974,'Warm Gray 6','#afa393',NULL,NULL),(975,'Warm Gray 7','#a39687',NULL,NULL),(976,'Warm Gray 8','#96897a',NULL,NULL),(977,'Warm Gray 9','#8c7f70',NULL,NULL),(978,'Warm Gray 10','#827263',NULL,NULL),(979,'Warm Gray 11','#6d5e51',NULL,NULL),(980,'Cool Gray 1','#e8e2d6',NULL,NULL),(981,'Cool Gray 2','#ddd8ce',NULL,NULL),(982,'Cool Gray 3','#d3cec4',NULL,NULL),(983,'Cool Gray 4','#c4c1ba',NULL,NULL),(984,'Cool Gray 5','#bab7af',NULL,NULL),(985,'Cool Gray 6','#b5b2aa',NULL,NULL),(986,'Cool Gray 7','#a5a39e',NULL,NULL),(987,'Cool Gray 8','#9b9993',NULL,NULL),(988,'Cool Gray 9','#8c8984',NULL,NULL),(989,'Cool Gray 10','#777772',NULL,NULL),(990,'Cool Gray 11','#686663',NULL,NULL),(991,'Green','#00af93',NULL,NULL),(992,'Black','#3d332b',NULL,NULL);
/*!40000 ALTER TABLE `colors` ENABLE KEYS */;
UNLOCK TABLES;

--
-- Table structure for table `direccion`
--

DROP TABLE IF EXISTS `direccion`;
/*!40101 SET @saved_cs_client     = @@character_set_client */;
/*!40101 SET character_set_client = utf8 */;
CREATE TABLE `direccion` (
  `id` bigint(20) unsigned NOT NULL AUTO_INCREMENT,
  `direccion` varchar(255) COLLATE utf8mb4_unicode_ci NOT NULL,
  `localidad` varchar(255) COLLATE utf8mb4_unicode_ci NOT NULL,
  `postal` varchar(255) COLLATE utf8mb4_unicode_ci NOT NULL,
  `pais` int(11) NOT NULL,
  `provincia` int(11) NOT NULL,
  `created_at` timestamp NULL DEFAULT NULL,
  `updated_at` timestamp NULL DEFAULT NULL,
  PRIMARY KEY (`id`)
) ENGINE=InnoDB DEFAULT CHARSET=utf8mb4 COLLATE=utf8mb4_unicode_ci;
/*!40101 SET character_set_client = @saved_cs_client */;

--
-- Dumping data for table `direccion`
--

LOCK TABLES `direccion` WRITE;
/*!40000 ALTER TABLE `direccion` DISABLE KEYS */;
/*!40000 ALTER TABLE `direccion` ENABLE KEYS */;
UNLOCK TABLES;

--
-- Table structure for table `direcciones`
--

DROP TABLE IF EXISTS `direcciones`;
/*!40101 SET @saved_cs_client     = @@character_set_client */;
/*!40101 SET character_set_client = utf8 */;
CREATE TABLE `direcciones` (
  `id_direccion` int(10) unsigned NOT NULL AUTO_INCREMENT,
  `CIF` varchar(255) COLLATE utf8mb4_unicode_ci NOT NULL,
  `Nombre_fiscal` varchar(255) COLLATE utf8mb4_unicode_ci NOT NULL,
  `Dirección` varchar(255) COLLATE utf8mb4_unicode_ci NOT NULL,
  `Codigo_postal` varchar(255) COLLATE utf8mb4_unicode_ci NOT NULL,
  `Localidad` varchar(255) COLLATE utf8mb4_unicode_ci NOT NULL,
  `Provincia` varchar(255) COLLATE utf8mb4_unicode_ci NOT NULL,
  `Pais` varchar(255) COLLATE utf8mb4_unicode_ci NOT NULL,
  `Telefono` varchar(255) COLLATE utf8mb4_unicode_ci NOT NULL,
  `Email` varchar(255) COLLATE utf8mb4_unicode_ci NOT NULL,
  `Tienda_URL` varchar(255) COLLATE utf8mb4_unicode_ci NOT NULL,
  `Politicas_privacidad` longtext COLLATE utf8mb4_unicode_ci NOT NULL,
  `Proteccion_datos` longtext COLLATE utf8mb4_unicode_ci NOT NULL,
  `eqpts` int(11) NOT NULL,
  `created_at` timestamp NULL DEFAULT NULL,
  `updated_at` timestamp NULL DEFAULT NULL,
  PRIMARY KEY (`id_direccion`)
) ENGINE=InnoDB AUTO_INCREMENT=2 DEFAULT CHARSET=utf8mb4 COLLATE=utf8mb4_unicode_ci;
/*!40101 SET character_set_client = @saved_cs_client */;

--
-- Dumping data for table `direcciones`
--

LOCK TABLES `direcciones` WRITE;
/*!40000 ALTER TABLE `direcciones` DISABLE KEYS */;
INSERT INTO `direcciones` (`id_direccion`, `CIF`, `Nombre_fiscal`, `Dirección`, `Codigo_postal`, `Localidad`, `Provincia`, `Pais`, `Telefono`, `Email`, `Tienda_URL`, `Politicas_privacidad`, `Proteccion_datos`, `eqpts`, `created_at`, `updated_at`) VALUES (1,'123456789','DANNERUNIFORMS','Dirección Fiscal','36540','Pontevedra','Pontevedra','España','655 697 127','ventas@danneruniforms.com','http://www.danneruniforms.com/','El sitio web www.danneruniforms.com (en adelante, el “Sitio Web”) es propiedad de dannerboots sl (en adelante, la “EMPRESA”), con domicilio social en: C/Pol. Industrial –Lalín, calle c, nave 2ª, cp 36540 pontevedra y CIF b94129756La empresa le garantiza la protección de todos los datos de carácter personal que proporcione el Usuario en el “Sitio Web” y, en cumplimiento de lo dispuesto en la normativa de Protección de Datos de Carácter Personal, le informa que:a) Todos los datos de carácter personal facilitados a la EMPRESA serán tratados por ésta de acuerdo con la normativa de Protección de Datos de Carácter Personal y quedarán incorporados en el tratamiento USUARIOS DE LA PAGINA WEB, creado y mantenido bajo la responsabilidad de la EMPRESA, el cual ha sido debidamente registrado en la Agencia Española de Protección de Datos.b) Los datos son recabados con las siguientes finalidades: Asegurar la correcta gestión de los servicios o productos solicitados, y gestión, estudio y resolución de consultas.c) En la recogida y el tratamiento de los datos de carácter personal se han adoptado las medidas de seguridad adecuadas para evitar la pérdida, el acceso no autorizado o la manipulación de los mismos.d) La EMPRESA se compromete a proteger la información confidencial a la que tenga acceso. La EMPRESA no empleará en ningún caso los datos de carácter personal que usted ponga a su disposición para prestar servicios a terceros distintos a los referidos en el apartado b) del presente documento o, en su caso, para lograr una utilidad propia.e) El Usuario certifica que es mayor de 14 años y que por lo tanto posee la capacidad legal necesaria para la prestación del consentimiento en cuanto al tratamiento de sus datos de carácter personal y todo ello, de conformidad con lo establecido en la presente Política de Privacidad.f) El Usuario puede, en todo momento, ejercitar los derechos de acceso, supresión (derecho al olvido), limitación de tratamiento, oposición, portabilidad, derecho a no ser objeto de decisiones individualizadas, así como el de revocación del consentimiento para cualquier de las finalidades antes señaladas, enviando a la EMPRESA carta debidamente firmada a nuestra dirección postal, arriba indicada, donde consten claramente los datos de contacto, a la cual deberá acompañarse fotocopia de su DNI/NIF o documento que acredite su identidad.g) El Usuario autoriza al tratamiento automatizado de los datos personales suministrados en los términos indicados. Para ello pulse el botón “ENVIAR” que se encuentra tras el formulario de recogida de datos.','Para utilizar algunos de los Servicios, los Usuarios deben proporcionar previamente ciertos datos de carácter personal. Para ello, la EMPRESA tratará automatizadamente los Datos Personales en cumplimiento con la normativa de Protección de Datos de Carácter Personal. Para ello, el Usuario puede acceder a la política seguida en el tratamiento de los datos personales, así como el establecimiento de las finalidades previamente establecidas, a lo dispuesto en las condiciones definidas en la Política de Protección de Datos que presenta este Sitio Web.',1,NULL,NULL);
/*!40000 ALTER TABLE `direcciones` ENABLE KEYS */;
UNLOCK TABLES;

--
-- Table structure for table `empresa`
--

DROP TABLE IF EXISTS `empresa`;
/*!40101 SET @saved_cs_client     = @@character_set_client */;
/*!40101 SET character_set_client = utf8 */;
CREATE TABLE `empresa` (
  `id_empresa` int(10) unsigned NOT NULL AUTO_INCREMENT,
  `que_hacemos` varchar(1500) COLLATE utf8mb4_unicode_ci NOT NULL,
  `historia` varchar(1500) COLLATE utf8mb4_unicode_ci NOT NULL,
  `aviso_legal` varchar(1500) COLLATE utf8mb4_unicode_ci NOT NULL,
  `politicas` varchar(1500) COLLATE utf8mb4_unicode_ci NOT NULL,
  `aviso_cookies` varchar(1500) COLLATE utf8mb4_unicode_ci NOT NULL,
  `condiciones_contrato` varchar(1500) COLLATE utf8mb4_unicode_ci NOT NULL,
  `desestimiento` varchar(1500) COLLATE utf8mb4_unicode_ci NOT NULL,
  `created_at` timestamp NULL DEFAULT NULL,
  `updated_at` timestamp NULL DEFAULT NULL,
  PRIMARY KEY (`id_empresa`)
) ENGINE=InnoDB AUTO_INCREMENT=2 DEFAULT CHARSET=utf8mb4 COLLATE=utf8mb4_unicode_ci;
/*!40101 SET character_set_client = @saved_cs_client */;

--
-- Dumping data for table `empresa`
--

LOCK TABLES `empresa` WRITE;
/*!40000 ALTER TABLE `empresa` DISABLE KEYS */;
INSERT INTO `empresa` (`id_empresa`, `que_hacemos`, `historia`, `aviso_legal`, `politicas`, `aviso_cookies`, `condiciones_contrato`, `desestimiento`, `created_at`, `updated_at`) VALUES (1,'Nuestra empresa es fabricante de uniformidad, prendas técnicas, deportes, alta montaña, etc. Además, somos distribuidores de las principales marcas de productos del sector, como por ejemplo: CRISPI BOOTS, MARS ARMOR, KING COBRA, MAGNUM BOOTS, FAL, SAFARILAND, ESP, TCH, VEGA HOLSTER, ETC. De este modo, podemos ofrecer a nuestros clientes gran diversidad de productos de las principales marcas del mercado con el mejor precio y calidad.','En Danner Uniforms, con más de 20 años de experiencia en el sector, creemos firmemente en la mejora continua. Potenciando la atención personalizada a través de la web y nuestra plataforma online para realizar los pedidos de forma más directa y ágil, aportamos una diferenciación en el sector.\n\nNuestros productos presentan una calidad en el acabado, durabilidad y diseño que nos sitúa como referentes en el mercado. La fabricación de casi el 100% de los productos se realiza in house, y nos garantiza la trazabilidad de nuestros productos asi como el control sobre la producción y un precio muy competitivo en el mercado.\n\nLa ropa técnica y laboral que ponemos a tu disposición son de primera calidad; diseñamos y producimos bajo demanda, personalizando todos nuestros productos. Estamos muy orientados al cliente por el alto grado de conocimiento del sector desde hace más de 20 años.\n\nEl asesoramiento es uno de los pilares sobre los que basamos nuestro buen hacer, estableciendo una relación más comprometida con el cliente.','Los términos y condiciones recogidos en el presente Aviso Legal (en adelante, las “Normas”) tienen por finalidad informar, regular el uso y acceso de los usuarios (en adelante, el “Usuario” o los “usuarios”) a todas las páginas web que figuran bajo el dominio [www.dominio.com] (en adelante, “la página”). La página y sus contenidos son propiedad y están gestionados por [Titular]','Siendo muy importante para [Titular Acrónimo] la seguridad, la garantía y protección de los datos personales que nos faciliten nuestros clientes, es conveniente que el Cliente lea la Política de Protección de Datos aplicable.','Las cookies son pequeños ficheros que se descargan en su terminal al acceder a determinadas páginas web que les permiten a éstas almacenar y recuperar información sobre los hábitos y preferencias del usuario.','CONDICIONES SEGÚN CONTRATO FIRMADO.','SEGÚN LA NORMATIVA RECOGIDA EN EL CONTRATO.',NULL,NULL);
/*!40000 ALTER TABLE `empresa` ENABLE KEYS */;
UNLOCK TABLES;

--
-- Table structure for table `failed_jobs`
--

DROP TABLE IF EXISTS `failed_jobs`;
/*!40101 SET @saved_cs_client     = @@character_set_client */;
/*!40101 SET character_set_client = utf8 */;
CREATE TABLE `failed_jobs` (
  `id` bigint(20) unsigned NOT NULL AUTO_INCREMENT,
  `uuid` varchar(50) COLLATE utf8mb4_unicode_ci NOT NULL,
  `connection` text COLLATE utf8mb4_unicode_ci NOT NULL,
  `queue` text COLLATE utf8mb4_unicode_ci NOT NULL,
  `payload` longtext COLLATE utf8mb4_unicode_ci NOT NULL,
  `exception` longtext COLLATE utf8mb4_unicode_ci NOT NULL,
  `failed_at` timestamp NOT NULL DEFAULT current_timestamp(),
  PRIMARY KEY (`id`),
  UNIQUE KEY `failed_jobs_uuid_unique` (`uuid`)
) ENGINE=InnoDB DEFAULT CHARSET=utf8mb4 COLLATE=utf8mb4_unicode_ci;
/*!40101 SET character_set_client = @saved_cs_client */;

--
-- Dumping data for table `failed_jobs`
--

LOCK TABLES `failed_jobs` WRITE;
/*!40000 ALTER TABLE `failed_jobs` DISABLE KEYS */;
/*!40000 ALTER TABLE `failed_jobs` ENABLE KEYS */;
UNLOCK TABLES;

--
-- Table structure for table `familias`
--

DROP TABLE IF EXISTS `familias`;
/*!40101 SET @saved_cs_client     = @@character_set_client */;
/*!40101 SET character_set_client = utf8 */;
CREATE TABLE `familias` (
  `id_familia` int(10) unsigned NOT NULL AUTO_INCREMENT,
  `familia` varchar(255) COLLATE utf8mb4_unicode_ci NOT NULL,
  `id_gama` int(11) NOT NULL,
  `created_at` timestamp NULL DEFAULT NULL,
  `updated_at` timestamp NULL DEFAULT NULL,
  PRIMARY KEY (`id_familia`)
) ENGINE=InnoDB AUTO_INCREMENT=17 DEFAULT CHARSET=utf8mb4 COLLATE=utf8mb4_unicode_ci;
/*!40101 SET character_set_client = @saved_cs_client */;

--
-- Dumping data for table `familias`
--

LOCK TABLES `familias` WRITE;
/*!40000 ALTER TABLE `familias` DISABLE KEYS */;
INSERT INTO `familias` (`id_familia`, `familia`, `id_gama`, `created_at`, `updated_at`) VALUES (1,'ACCESORIOS',1,NULL,NULL),(2,'UNIFORMIDAD',1,NULL,NULL),(3,'UNIFORMIDAD',2,NULL,NULL),(4,'UTILLAJE',3,'2021-02-25 15:44:40','2021-02-25 15:44:40'),(5,'UNIFORMIDAD',4,'2021-03-26 10:55:22','2021-03-26 10:55:22'),(6,'UTILLAJE',4,'2021-03-26 10:55:51','2021-03-26 10:55:51'),(7,'MOTORISTAS',4,'2021-03-26 10:56:15','2021-03-26 10:56:15'),(8,'CICLISTAS',4,'2021-03-26 10:56:52','2021-03-26 10:56:52'),(9,'CABALLERIA',4,'2021-03-26 10:57:28','2021-03-26 10:57:28'),(10,'CALZADO',5,'2021-04-12 07:34:16','2021-04-12 07:34:16'),(11,'Uniformidad',6,'2021-04-21 09:49:38','2021-04-21 09:49:38'),(13,'Utillaje',6,'2021-04-21 09:50:11','2021-04-21 09:50:11'),(15,'Utillaje',7,'2021-04-21 09:50:31','2021-04-21 09:50:31'),(16,'Uniformidad',7,'2021-04-21 09:52:45','2021-04-21 09:52:45');
/*!40000 ALTER TABLE `familias` ENABLE KEYS */;
UNLOCK TABLES;

--
-- Table structure for table `faqs`
--

DROP TABLE IF EXISTS `faqs`;
/*!40101 SET @saved_cs_client     = @@character_set_client */;
/*!40101 SET character_set_client = utf8 */;
CREATE TABLE `faqs` (
  `id_faqs` int(10) unsigned NOT NULL AUTO_INCREMENT,
  `question` text COLLATE utf8mb4_unicode_ci NOT NULL,
  `answer` longtext COLLATE utf8mb4_unicode_ci NOT NULL,
  `visible` tinyint(1) NOT NULL,
  `created_at` timestamp NULL DEFAULT NULL,
  `updated_at` timestamp NULL DEFAULT NULL,
  PRIMARY KEY (`id_faqs`)
) ENGINE=InnoDB DEFAULT CHARSET=utf8mb4 COLLATE=utf8mb4_unicode_ci;
/*!40101 SET character_set_client = @saved_cs_client */;

--
-- Dumping data for table `faqs`
--

LOCK TABLES `faqs` WRITE;
/*!40000 ALTER TABLE `faqs` DISABLE KEYS */;
/*!40000 ALTER TABLE `faqs` ENABLE KEYS */;
UNLOCK TABLES;

--
-- Table structure for table `gamas`
--

DROP TABLE IF EXISTS `gamas`;
/*!40101 SET @saved_cs_client     = @@character_set_client */;
/*!40101 SET character_set_client = utf8 */;
CREATE TABLE `gamas` (
  `id_gama` int(10) unsigned NOT NULL AUTO_INCREMENT,
  `gama` varchar(255) COLLATE utf8mb4_unicode_ci NOT NULL,
  `id_region` int(11) NOT NULL,
  `descripcion` varchar(255) COLLATE utf8mb4_unicode_ci DEFAULT NULL,
  `escudo` varchar(255) COLLATE utf8mb4_unicode_ci DEFAULT NULL,
  `created_at` timestamp NULL DEFAULT NULL,
  `updated_at` timestamp NULL DEFAULT NULL,
  PRIMARY KEY (`id_gama`)
) ENGINE=InnoDB AUTO_INCREMENT=8 DEFAULT CHARSET=utf8mb4 COLLATE=utf8mb4_unicode_ci;
/*!40101 SET character_set_client = @saved_cs_client */;

--
-- Dumping data for table `gamas`
--

LOCK TABLES `gamas` WRITE;
/*!40000 ALTER TABLE `gamas` DISABLE KEYS */;
INSERT INTO `gamas` (`id_gama`, `gama`, `id_region`, `descripcion`, `escudo`, `created_at`, `updated_at`) VALUES (1,'CATALOGO POLICIA LOCAL LOS REALEJOS',2,'CATALOGO UNIFORMIDAD','/public/img/gama/1/76D50E25-2FE8-4EFF-A5D9-F4FD573319E0.gif',NULL,'2021-04-21 10:06:56'),(2,'CATALOGO PROTECCION CIVIL ALCOBENDAS',1,NULL,'/public/img/gama/2/F5493DC2-2DD9-4A1E-B57E-BAF7C5A77A3A.jpeg',NULL,'2021-04-21 10:06:32'),(3,'CATALOGO VILLANUEVA DE LA SERENA',3,NULL,'/public/img/gama/3/villanueva-de-la-serena.png','2021-02-25 15:43:01','2021-02-25 15:59:14'),(4,'CATALOGO POLICIA LOCAL CORDOBA',4,NULL,'/public/img/gama/4/placa-policia-local-cordoba.jpg','2021-03-26 10:54:39','2021-03-27 20:10:15'),(5,'CATALOGO POLICIA LLUCMAJOR',5,NULL,'/public/img/gama/5/eb01642_policia_local_llucmajor_police_dept-1615490903.jpg','2021-04-12 07:08:47','2021-04-12 07:08:47'),(6,'CATÁLOGO POLICIA LOCAL ELDA',6,NULL,'/public/img/gama/6/26E9648E-09CF-436F-BE5B-386E7B83EC24.jpeg','2021-04-21 09:43:24','2021-04-21 09:47:43'),(7,'CATÁLOGO POLICIA LOCAL CATARROJA',7,NULL,'/public/img/gama/7/9BD154B7-11D0-4B87-B565-5E8DC1E9D803.png','2021-04-21 09:44:14','2021-04-21 09:48:58');
/*!40000 ALTER TABLE `gamas` ENABLE KEYS */;
UNLOCK TABLES;

--
-- Table structure for table `home_controller`
--

DROP TABLE IF EXISTS `home_controller`;
/*!40101 SET @saved_cs_client     = @@character_set_client */;
/*!40101 SET character_set_client = utf8 */;
CREATE TABLE `home_controller` (
  `Show_Shields` tinyint(1) NOT NULL,
  `Show_Gama` tinyint(1) NOT NULL,
  `Show_Manual` tinyint(1) NOT NULL,
  `Show_Faqs` tinyint(1) NOT NULL,
  `Show_Consultas` tinyint(1) NOT NULL,
  `created_at` timestamp NULL DEFAULT NULL,
  `updated_at` timestamp NULL DEFAULT NULL
) ENGINE=InnoDB DEFAULT CHARSET=utf8mb4 COLLATE=utf8mb4_unicode_ci;
/*!40101 SET character_set_client = @saved_cs_client */;

--
-- Dumping data for table `home_controller`
--

LOCK TABLES `home_controller` WRITE;
/*!40000 ALTER TABLE `home_controller` DISABLE KEYS */;
INSERT INTO `home_controller` (`Show_Shields`, `Show_Gama`, `Show_Manual`, `Show_Faqs`, `Show_Consultas`, `created_at`, `updated_at`) VALUES (1,1,1,1,1,'2021-01-22 00:18:19','2021-01-22 00:18:19');
/*!40000 ALTER TABLE `home_controller` ENABLE KEYS */;
UNLOCK TABLES;

--
-- Table structure for table `home_menu`
--

DROP TABLE IF EXISTS `home_menu`;
/*!40101 SET @saved_cs_client     = @@character_set_client */;
/*!40101 SET character_set_client = utf8 */;
CREATE TABLE `home_menu` (
  `id_Item` int(11) NOT NULL,
  `Img` varchar(255) COLLATE utf8mb4_unicode_ci DEFAULT NULL,
  `Caption` varchar(255) COLLATE utf8mb4_unicode_ci NOT NULL,
  `activo` tinyint(1) NOT NULL DEFAULT 1,
  `Order` int(11) NOT NULL,
  `created_at` timestamp NULL DEFAULT NULL,
  `updated_at` timestamp NULL DEFAULT NULL
) ENGINE=InnoDB DEFAULT CHARSET=utf8mb4 COLLATE=utf8mb4_unicode_ci;
/*!40101 SET character_set_client = @saved_cs_client */;

--
-- Dumping data for table `home_menu`
--

LOCK TABLES `home_menu` WRITE;
/*!40000 ALTER TABLE `home_menu` DISABLE KEYS */;
/*!40000 ALTER TABLE `home_menu` ENABLE KEYS */;
UNLOCK TABLES;

--
-- Table structure for table `ivas`
--

DROP TABLE IF EXISTS `ivas`;
/*!40101 SET @saved_cs_client     = @@character_set_client */;
/*!40101 SET character_set_client = utf8 */;
CREATE TABLE `ivas` (
  `id_iva` int(10) unsigned NOT NULL AUTO_INCREMENT,
  `descripcion` varchar(255) COLLATE utf8mb4_unicode_ci NOT NULL,
  `porcentaje` double(5,2) NOT NULL,
  `created_at` timestamp NULL DEFAULT NULL,
  `updated_at` timestamp NULL DEFAULT NULL,
  PRIMARY KEY (`id_iva`)
) ENGINE=InnoDB AUTO_INCREMENT=7 DEFAULT CHARSET=utf8mb4 COLLATE=utf8mb4_unicode_ci;
/*!40101 SET character_set_client = @saved_cs_client */;

--
-- Dumping data for table `ivas`
--

LOCK TABLES `ivas` WRITE;
/*!40000 ALTER TABLE `ivas` DISABLE KEYS */;
INSERT INTO `ivas` (`id_iva`, `descripcion`, `porcentaje`, `created_at`, `updated_at`) VALUES (1,'Exento',0.00,NULL,NULL),(2,'IGIC 1',3.00,NULL,NULL),(3,'Iva básico',4.00,NULL,NULL),(4,'IGIC2',5.00,NULL,'2021-02-08 20:16:12'),(5,'Iva Reducido',10.00,NULL,NULL),(6,'Iva general',21.00,NULL,'2021-02-08 20:16:25');
/*!40000 ALTER TABLE `ivas` ENABLE KEYS */;
UNLOCK TABLES;

--
-- Table structure for table `marcas`
--

DROP TABLE IF EXISTS `marcas`;
/*!40101 SET @saved_cs_client     = @@character_set_client */;
/*!40101 SET character_set_client = utf8 */;
CREATE TABLE `marcas` (
  `id_marca` int(10) unsigned NOT NULL AUTO_INCREMENT,
  `marca` varchar(255) COLLATE utf8mb4_unicode_ci NOT NULL,
  `web` varchar(255) COLLATE utf8mb4_unicode_ci NOT NULL,
  `Destacada` tinyint(1) NOT NULL,
  `Visible` tinyint(1) NOT NULL,
  `descripcion` varchar(255) COLLATE utf8mb4_unicode_ci NOT NULL,
  `created_at` timestamp NULL DEFAULT NULL,
  `updated_at` timestamp NULL DEFAULT NULL,
  PRIMARY KEY (`id_marca`)
) ENGINE=InnoDB AUTO_INCREMENT=11 DEFAULT CHARSET=utf8mb4 COLLATE=utf8mb4_unicode_ci;
/*!40101 SET character_set_client = @saved_cs_client */;

--
-- Dumping data for table `marcas`
--

LOCK TABLES `marcas` WRITE;
/*!40000 ALTER TABLE `marcas` DISABLE KEYS */;
INSERT INTO `marcas` (`id_marca`, `marca`, `web`, `Destacada`, `Visible`, `descripcion`, `created_at`, `updated_at`) VALUES (1,'CALZADOS FAL','',0,1,'',NULL,NULL),(2,'DANNERUNIFORMS','https://www.danneruniforms.com',0,1,'FABRICANTE DE UNIFORMIDAD TECNICAh',NULL,NULL),(3,'DUNLOP','',0,1,'',NULL,NULL),(4,'ESP','',0,1,'',NULL,NULL),(5,'GABARDOS','',0,1,'',NULL,NULL),(6,'GRISPI BOOTS','',0,1,'',NULL,NULL),(7,'LINTERNAS FENIX','',0,1,'',NULL,NULL),(8,'MAGNUM BOOTS','',0,1,'',NULL,NULL),(10,'TCH','',0,1,'',NULL,NULL);
/*!40000 ALTER TABLE `marcas` ENABLE KEYS */;
UNLOCK TABLES;

--
-- Table structure for table `migrations`
--

DROP TABLE IF EXISTS `migrations`;
/*!40101 SET @saved_cs_client     = @@character_set_client */;
/*!40101 SET character_set_client = utf8 */;
CREATE TABLE `migrations` (
  `id` int(10) unsigned NOT NULL AUTO_INCREMENT,
  `migration` varchar(255) COLLATE utf8mb4_unicode_ci NOT NULL,
  `batch` int(11) NOT NULL,
  PRIMARY KEY (`id`)
) ENGINE=InnoDB AUTO_INCREMENT=1848 DEFAULT CHARSET=utf8mb4 COLLATE=utf8mb4_unicode_ci;
/*!40101 SET character_set_client = @saved_cs_client */;

--
-- Dumping data for table `migrations`
--

LOCK TABLES `migrations` WRITE;
/*!40000 ALTER TABLE `migrations` DISABLE KEYS */;
INSERT INTO `migrations` (`id`, `migration`, `batch`) VALUES (1822,'2014_10_12_000000_create_users_table',1),(1823,'2014_10_12_100000_create_password_resets_table',1),(1824,'2014_10_12_200000_add_two_factor_columns_to_users_table',1),(1825,'2017_06_26_000000_create_shopping_cart_table',1),(1826,'2019_08_19_000000_create_failed_jobs_table',1),(1827,'2019_12_14_000001_create_personal_access_tokens_table',1),(1828,'2020_11_22_135308_create_product_table',1),(1829,'2020_11_22_135612_create_direccion_table',1),(1830,'2020_12_09_173140_create_region_table',1),(1831,'2020_12_09_173742_create_gama_table',1),(1832,'2020_12_09_174039_create_familia_table',1),(1833,'2020_12_09_174245_create_subfamilia_table',1),(1834,'2020_12_11_085656_create_marcas_table',1),(1835,'2020_12_11_085743_create_iva_table',1),(1836,'2020_12_12_152908_create_direcciones_table',1),(1837,'2020_12_12_233725_create_empresa_table',1),(1838,'2020_12_13_035757_create_rols_table',1),(1839,'2020_12_13_191243_create__tipo_tallas_table',1),(1840,'2020_12_13_191255_create__tallas_table',1),(1841,'2020_12_14_123841_create__stock_producto_table',1),(1842,'2020_12_14_141130_create__colors_table',1),(1843,'2020_12_15_032730_create_sessions_table',1),(1844,'2020_12_17_214611_create_roles_table',1),(1845,'2021_01_10_175252_create_home_menu_table',1),(1846,'2021_01_10_180126_create_carrusel_table',1),(1847,'2021_01_10_180852_create_user_notification_table',1);
/*!40000 ALTER TABLE `migrations` ENABLE KEYS */;
UNLOCK TABLES;

--
-- Table structure for table `password_resets`
--

DROP TABLE IF EXISTS `password_resets`;
/*!40101 SET @saved_cs_client     = @@character_set_client */;
/*!40101 SET character_set_client = utf8 */;
CREATE TABLE `password_resets` (
  `email` varchar(255) COLLATE utf8mb4_unicode_ci NOT NULL,
  `token` varchar(255) COLLATE utf8mb4_unicode_ci NOT NULL,
  `created_at` timestamp NULL DEFAULT NULL,
  KEY `password_resets_email_index` (`email`(191))
) ENGINE=InnoDB DEFAULT CHARSET=utf8mb4 COLLATE=utf8mb4_unicode_ci;
/*!40101 SET character_set_client = @saved_cs_client */;

--
-- Dumping data for table `password_resets`
--

LOCK TABLES `password_resets` WRITE;
/*!40000 ALTER TABLE `password_resets` DISABLE KEYS */;
INSERT INTO `password_resets` (`email`, `token`, `created_at`) VALUES ('andres.hernandez.garces@ayto-realejos.es','$2y$10$/YQTOtJl12nr29pWfWJkOuqc2k4GjBxMWh0jxTzhTibYuBr0x.Xjy','2021-04-24 17:00:35');
/*!40000 ALTER TABLE `password_resets` ENABLE KEYS */;
UNLOCK TABLES;

--
-- Table structure for table `pedido_mayor`
--

DROP TABLE IF EXISTS `pedido_mayor`;
/*!40101 SET @saved_cs_client     = @@character_set_client */;
/*!40101 SET character_set_client = utf8 */;
CREATE TABLE `pedido_mayor` (
  `id_pedido_mayor` int(10) unsigned NOT NULL AUTO_INCREMENT,
  `id_user` int(11) NOT NULL,
  `created_at` timestamp NULL DEFAULT NULL,
  `updated_at` timestamp NULL DEFAULT NULL,
  PRIMARY KEY (`id_pedido_mayor`)
) ENGINE=InnoDB AUTO_INCREMENT=12 DEFAULT CHARSET=utf8mb4 COLLATE=utf8mb4_unicode_ci;
/*!40101 SET character_set_client = @saved_cs_client */;

--
-- Dumping data for table `pedido_mayor`
--

LOCK TABLES `pedido_mayor` WRITE;
/*!40000 ALTER TABLE `pedido_mayor` DISABLE KEYS */;
INSERT INTO `pedido_mayor` (`id_pedido_mayor`, `id_user`, `created_at`, `updated_at`) VALUES (2,35,NULL,NULL),(3,35,NULL,NULL),(4,35,NULL,NULL),(5,35,NULL,NULL),(6,8,NULL,NULL),(7,101,NULL,NULL),(8,101,NULL,NULL),(9,101,NULL,NULL),(10,101,NULL,NULL),(11,101,NULL,NULL);
/*!40000 ALTER TABLE `pedido_mayor` ENABLE KEYS */;
UNLOCK TABLES;

--
-- Table structure for table `pedidos`
--

DROP TABLE IF EXISTS `pedidos`;
/*!40101 SET @saved_cs_client     = @@character_set_client */;
/*!40101 SET character_set_client = utf8 */;
CREATE TABLE `pedidos` (
  `id_pedidos` int(10) unsigned NOT NULL AUTO_INCREMENT,
  `id_user` int(11) NOT NULL,
  `total_pedido` double(10,2) NOT NULL,
  `id_pedidos_status` int(11) NOT NULL,
  `id_pedido_mayor` int(11) DEFAULT NULL,
  `created_at` timestamp NULL DEFAULT NULL,
  `updated_at` timestamp NULL DEFAULT NULL,
  PRIMARY KEY (`id_pedidos`)
) ENGINE=InnoDB AUTO_INCREMENT=52 DEFAULT CHARSET=utf8mb4 COLLATE=utf8mb4_unicode_ci;
/*!40101 SET character_set_client = @saved_cs_client */;

--
-- Dumping data for table `pedidos`
--

LOCK TABLES `pedidos` WRITE;
/*!40000 ALTER TABLE `pedidos` DISABLE KEYS */;
INSERT INTO `pedidos` (`id_pedidos`, `id_user`, `total_pedido`, `id_pedidos_status`, `id_pedido_mayor`, `created_at`, `updated_at`) VALUES (1,2,57.27,2,1,NULL,'2021-01-23 11:26:41'),(2,2,48.40,2,NULL,NULL,'2021-01-25 10:44:03'),(3,19,593.46,2,NULL,NULL,'2021-02-02 08:41:16'),(4,2,98.22,2,NULL,NULL,'2021-01-25 20:57:28'),(5,35,610.05,2,NULL,NULL,'2021-02-01 10:08:44'),(6,20,1524.30,10,5,NULL,'2021-04-28 08:02:39'),(7,35,615.03,10,5,NULL,'2021-04-28 08:02:39'),(8,4,599.82,10,5,NULL,'2021-04-28 08:02:39'),(9,23,607.56,10,5,NULL,'2021-04-28 08:02:39'),(10,14,606.88,10,5,NULL,'2021-04-28 08:02:39'),(11,25,1530.37,10,5,NULL,'2021-04-28 08:02:39'),(12,39,598.57,10,5,NULL,'2021-04-28 08:02:39'),(13,19,596.78,10,5,NULL,'2021-04-28 08:02:39'),(14,6,589.26,10,5,NULL,'2021-04-28 08:02:39'),(15,45,599.36,10,5,NULL,'2021-04-28 08:02:39'),(16,9,597.28,10,5,NULL,'2021-04-28 08:02:39'),(17,38,599.10,10,5,NULL,'2021-04-28 08:02:39'),(18,16,599.68,10,5,NULL,'2021-04-28 08:02:39'),(19,44,598.57,10,5,NULL,'2021-04-28 08:02:39'),(20,10,598.57,10,5,NULL,'2021-04-28 08:02:39'),(21,22,584.21,10,5,NULL,'2021-04-28 08:02:39'),(22,42,1628.46,10,5,NULL,'2021-04-28 08:02:39'),(23,41,600.33,10,5,NULL,'2021-04-28 08:02:39'),(24,27,599.68,10,5,NULL,'2021-04-28 08:02:39'),(25,34,881.88,10,5,NULL,'2021-04-28 08:02:39'),(26,31,599.26,10,5,NULL,'2021-04-28 08:02:39'),(27,7,598.59,10,5,NULL,'2021-04-28 08:02:39'),(28,12,594.42,10,5,NULL,'2021-04-28 08:02:39'),(29,18,369.77,10,5,NULL,'2021-04-28 08:02:39'),(30,33,593.19,10,5,NULL,'2021-04-28 08:02:39'),(31,11,492.44,10,5,NULL,'2021-04-28 08:02:39'),(32,40,600.51,10,5,NULL,'2021-04-28 08:02:39'),(33,17,366.03,10,5,NULL,'2021-04-28 08:02:39'),(34,15,597.60,10,5,NULL,'2021-04-28 08:02:39'),(35,28,880.46,10,5,NULL,'2021-04-28 08:02:39'),(36,5,598.59,10,5,NULL,'2021-04-28 08:02:39'),(37,21,599.26,10,5,NULL,'2021-04-28 08:02:39'),(38,24,599.26,10,5,NULL,'2021-04-28 08:02:39'),(39,36,600.60,10,5,NULL,'2021-04-28 08:02:39'),(40,13,579.34,10,5,NULL,'2021-04-28 08:02:39'),(41,30,1275.30,10,5,NULL,'2021-04-28 08:02:39'),(42,29,575.75,10,5,NULL,'2021-04-28 08:02:39'),(43,43,1499.22,10,5,NULL,'2021-04-28 08:02:39'),(44,26,610.06,10,5,NULL,'2021-04-28 08:02:39'),(45,37,590.13,10,5,NULL,'2021-04-28 08:02:39'),(47,8,5645.41,5,6,NULL,'2021-03-02 10:00:29'),(48,8,726.00,5,6,NULL,'2021-03-02 10:00:29'),(49,8,2755.10,5,6,NULL,'2021-03-02 10:00:29'),(50,101,9540.85,10,9,NULL,'2021-04-28 08:54:44'),(51,101,200.86,10,11,NULL,'2021-04-28 08:54:53');
/*!40000 ALTER TABLE `pedidos` ENABLE KEYS */;
UNLOCK TABLES;

--
-- Table structure for table `pedidos_status`
--

DROP TABLE IF EXISTS `pedidos_status`;
/*!40101 SET @saved_cs_client     = @@character_set_client */;
/*!40101 SET character_set_client = utf8 */;
CREATE TABLE `pedidos_status` (
  `id_pedidos_status` int(10) unsigned NOT NULL AUTO_INCREMENT,
  `status` varchar(255) COLLATE utf8mb4_unicode_ci NOT NULL,
  `created_at` timestamp NULL DEFAULT NULL,
  `updated_at` timestamp NULL DEFAULT NULL,
  PRIMARY KEY (`id_pedidos_status`)
) ENGINE=InnoDB AUTO_INCREMENT=11 DEFAULT CHARSET=utf8mb4 COLLATE=utf8mb4_unicode_ci;
/*!40101 SET character_set_client = @saved_cs_client */;

--
-- Dumping data for table `pedidos_status`
--

LOCK TABLES `pedidos_status` WRITE;
/*!40000 ALTER TABLE `pedidos_status` DISABLE KEYS */;
INSERT INTO `pedidos_status` (`id_pedidos_status`, `status`, `created_at`, `updated_at`) VALUES (1,'NUEVO',NULL,NULL),(2,'RECHAZADO',NULL,NULL),(3,'APROBADO',NULL,NULL),(4,'ENVIADO',NULL,NULL),(5,'EN PRODUCCION',NULL,NULL),(6,'CON RETRASO',NULL,NULL),(7,'ENTREGADO',NULL,NULL),(8,'PARCIALMENTE ENTREGADO',NULL,NULL),(9,'INCIDENCIAS EN TRANSPORTE',NULL,NULL),(10,'PEDIDO RECEPCIONADO',NULL,NULL);
/*!40000 ALTER TABLE `pedidos_status` ENABLE KEYS */;
UNLOCK TABLES;

--
-- Table structure for table `personal_access_tokens`
--

DROP TABLE IF EXISTS `personal_access_tokens`;
/*!40101 SET @saved_cs_client     = @@character_set_client */;
/*!40101 SET character_set_client = utf8 */;
CREATE TABLE `personal_access_tokens` (
  `id` bigint(20) unsigned NOT NULL AUTO_INCREMENT,
  `tokenable_type` varchar(255) COLLATE utf8mb4_unicode_ci NOT NULL,
  `tokenable_id` bigint(20) unsigned NOT NULL,
  `name` varchar(255) COLLATE utf8mb4_unicode_ci NOT NULL,
  `token` varchar(64) COLLATE utf8mb4_unicode_ci NOT NULL,
  `abilities` text COLLATE utf8mb4_unicode_ci DEFAULT NULL,
  `last_used_at` timestamp NULL DEFAULT NULL,
  `created_at` timestamp NULL DEFAULT NULL,
  `updated_at` timestamp NULL DEFAULT NULL,
  PRIMARY KEY (`id`),
  UNIQUE KEY `personal_access_tokens_token_unique` (`token`),
  KEY `personal_access_tokens_tokenable_type_tokenable_id_index` (`tokenable_type`(191),`tokenable_id`)
) ENGINE=InnoDB DEFAULT CHARSET=utf8mb4 COLLATE=utf8mb4_unicode_ci;
/*!40101 SET character_set_client = @saved_cs_client */;

--
-- Dumping data for table `personal_access_tokens`
--

LOCK TABLES `personal_access_tokens` WRITE;
/*!40000 ALTER TABLE `personal_access_tokens` DISABLE KEYS */;
/*!40000 ALTER TABLE `personal_access_tokens` ENABLE KEYS */;
UNLOCK TABLES;

--
-- Table structure for table `products`
--

DROP TABLE IF EXISTS `products`;
/*!40101 SET @saved_cs_client     = @@character_set_client */;
/*!40101 SET character_set_client = utf8 */;
CREATE TABLE `products` (
  `id_product` int(10) unsigned NOT NULL AUTO_INCREMENT,
  `nombre` varchar(255) COLLATE utf8mb4_unicode_ci NOT NULL,
  `referencia` varchar(255) COLLATE utf8mb4_unicode_ci DEFAULT NULL,
  `referencia_fab` varchar(255) COLLATE utf8mb4_unicode_ci DEFAULT NULL,
  `id_subfamilia` int(11) NOT NULL,
  `men` tinyint(1) NOT NULL,
  `woman` tinyint(1) NOT NULL,
  `id_color` int(11) NOT NULL,
  `ref_color` varchar(255) COLLATE utf8mb4_unicode_ci DEFAULT NULL,
  `id_marca` int(11) NOT NULL,
  `id_iva` int(11) NOT NULL,
  `precio` double(10,2) NOT NULL,
  `precio_iva` double(10,2) NOT NULL,
  `oferta` tinyint(1) NOT NULL,
  `precio_promo` double(10,2) NOT NULL,
  `precio_promo_iva` double(10,2) NOT NULL,
  `desc_larga` longtext COLLATE utf8mb4_unicode_ci DEFAULT NULL,
  `id_tipo_talla` int(11) NOT NULL,
  `use_qty` tinyint(1) NOT NULL,
  `visible` tinyint(1) NOT NULL,
  `created_at` timestamp NULL DEFAULT NULL,
  `updated_at` timestamp NULL DEFAULT NULL,
  PRIMARY KEY (`id_product`)
) ENGINE=InnoDB AUTO_INCREMENT=87 DEFAULT CHARSET=utf8mb4 COLLATE=utf8mb4_unicode_ci;
/*!40101 SET character_set_client = @saved_cs_client */;

--
-- Dumping data for table `products`
--

LOCK TABLES `products` WRITE;
/*!40000 ALTER TABLE `products` DISABLE KEYS */;
INSERT INTO `products` (`id_product`, `nombre`, `referencia`, `referencia_fab`, `id_subfamilia`, `men`, `woman`, `id_color`, `ref_color`, `id_marca`, `id_iva`, `precio`, `precio_iva`, `oferta`, `precio_promo`, `precio_promo_iva`, `desc_larga`, `id_tipo_talla`, `use_qty`, `visible`, `created_at`, `updated_at`) VALUES (1,'BOLSO TACTICO POLICIAL','121','121',8,0,0,992,'negro',2,2,47.67,49.11,0,0.00,0.00,'<p>BOLSO TACTICO POLICIAL.</p>\r\n\r\n<p>Bolsa t&eacute;cnica fabricada en nylon de 600D que ofrece al usuario m&uacute;ltiples bolsillos y compartimentos para disponer de todo su material de forma r&aacute;pida e intuitiva. La bolsa ha sido confeccionada pensando en el porte de los elementos m&aacute;s habituales tanto de los agentes de polic&iacute;a como de los tiradores profesionales o fot&oacute;grafos y reporteros, de forma acolchada y segura. Incluye bolsillos exteriores para cargadores, vainas, linternas, libretas, botellas de agua, etc&hellip; En su parte superior incluye unas trabillas para sujetar la defensa reglamentaria y un velcro hembra para poder adherir un r&oacute;tulo reflectante de identificaci&oacute;n como los LRE35. En el interior, detr&aacute;s de la tapa, incluye un apartado para poder llevar herramientas o bol&iacute;grafos y un bolsillo volum&eacute;trico, muy &uacute;til para piecer&iacute;a y/o peque&ntilde;os accesorios varios, como un timer, cron&oacute;metro, cargador, cargador de cargadores etc&hellip; El espacio interior es configurable. Se puede dejar en m&aacute;xima capacidad, o bien se puede colocar el separador interno que se sujeta mediante velcros, convirtiendo as&iacute; el espacio en 3 compartimentos, y evitando que los objetos se muevan. De este modo cada uno se acomoda el interior como mejor le vaya. Hay espacio suficiente para llevar 3-4 armas en su estuche original, cascos de protecci&oacute;n, protecciones, siluetas, c&aacute;maras fotogr&aacute;ficas, de video,... etc</p>\r\n\r\n<p>&nbsp;</p>\r\n\r\n<p>CARACTER&Iacute;STICAS T&Eacute;CNICAS</p>\r\n\r\n<ul>\r\n	<li>Fabricada 100% en Nylon 600D de alta resistencia. Paredes exteriores acolchados contra impactos.</li>\r\n	<li>Bolsillos exteriores con el&aacute;stico para adaptarse al objeto.</li>\r\n	<li>Bolsillo con ventana de polipropileno para poner el nombre o identificaci&oacute;n.</li>\r\n	<li>4 topes inferiores para evitar el contacto con el suelo.</li>\r\n	<li>Asa doble para trasporte en mano.</li>\r\n	<li>Correa para transporte en hombro.</li>\r\n	<li>Dimensiones: 55x40x33 cm.</li>\r\n	<li>Peso: 2,5kg.</li>\r\n</ul>',9,1,1,NULL,'2021-03-29 19:39:49'),(2,'CARTERA PORTADOCUMENTOS','225','225',9,0,0,992,'negro',2,2,18.53,19.09,0,0.00,0.00,'CARTERA PORTADOCUMENTOS',9,1,1,NULL,NULL),(3,'CASCO INTEVENCION','4','USIS G.',10,0,0,992,'negro',2,2,322.33,332.00,0,0.00,0.00,'CASCO INTERVENCION SEGURIDAD CIUDADANA',5,1,1,NULL,NULL),(4,'CASCO MOTORISTA','3','LS2',10,0,0,992,'negro',2,2,362.62,373.50,0,0.00,0.00,'CASCO MOTORISTO REGLAMENTO POLICIA LOCAL CANARIAS',5,1,1,NULL,NULL),(5,'CHALECO DE PROTECCION POLICIAL','828','828',11,0,0,992,'negro',9,2,529.54,545.43,0,0.00,0.00,'CHALECO ANTIBALAS',8,1,1,NULL,NULL),(6,'CHALECO REFLECTANTE','200','200',11,0,0,1,'amarrillo av + azul marino noche',2,2,24.17,24.90,0,0.00,0.00,'CHALECO REFLECTANTE. NORMA UNE EN 347',8,1,1,NULL,NULL),(7,'CINTURON POLICIAL','201','201',13,0,0,992,'negro',2,2,22.56,23.24,0,0.00,0.00,'',8,1,1,NULL,NULL),(8,'DEFENSA PERSONAL','827','827',14,0,0,992,'',2,2,148.16,152.61,0,0.00,0.00,'DEFENSA EXTENSIBLE- Peso (sin funda): 430g\n\n- Longitud en posición plegada: 210mm\n- Longitud en posición desplegada: 530mm/21\"\n- Diámetro de la empuñadura: 27,5mm\n\nDefensa extensible fabricada con materiales de alta calidad templados al calor, obteniendo de esta manera un acabado endurecido que evita deformaciones en caso de fuertes impactos.\nSu empuñadura antideslizante de goma tiene un diseño especial que aporta un mayor agarre reduciendo cualquier posibilidad de sustracción . Su composición de níquel - zinc en color negro ayuda a minorizar el desgaste por uso o rozamiento. \nSe suministra con la funda plástica BH-02 (patente europea EU Pat. No.: 1832834).',9,1,1,NULL,NULL),(9,'FUNDA DE ARMA','825','825',15,0,0,992,'negro',2,2,71.96,74.12,0,0.00,0.00,'',6,1,1,NULL,NULL),(10,'FUNDA DEFENSA EXTENSIBLE','828','828',16,0,0,992,'negro',4,2,16.93,17.44,0,0.00,0.00,'FUNDA DEFENSA EXTENSIBLE',9,1,1,NULL,'2021-02-02 09:09:32'),(11,'FUNDA GRILLETES','824','824',17,0,0,992,'negro',2,2,14.22,14.65,0,0.00,0.00,'FUNDA GRILLETES',9,1,1,NULL,NULL),(12,'FUNDA GRILLETES TCH ULTIMATE','82566','82566',17,0,0,992,'negro',2,2,22.56,23.24,0,0.00,0.00,'FUNDA GRILLETES TCH\n\nFunda diseñada para el grillete ULTIMATE. Material: cuero flor de primera calidad, funda abierta con presilla para el cinturón.\n\nCon cinta de sujeción y cierre por automático, que permite llevar los grilletes tanto abiertos como cerrados.',9,1,1,NULL,NULL),(13,'FUNDA SPRAY','823','823',18,0,0,992,'',2,2,6.12,6.31,0,0.00,0.00,'FUNDA SPRAY AUTODEFENSA.\n\nLa funda  es una de las más vendidas gracias a su polivalencia, no solo para albergar todo tipo de sprays de defensa, sino que también las mayoría de linternas de uso policial.\n\n \n\nSe fabrica en nylon balístico de 1000 Deniers, lo que le confiere un nivel de indestructibilidad excepcional. Incluye el sistema DVSS para adherirse al cinturón de dotación de forma rápida segura y sencilla.\n\n\nPosición fija vertical en ceñidor.\n\nCierre mediante velcro.\n\nColor: disponible en negro únicamente.',9,1,1,NULL,NULL),(14,'SPRAY DE AUTODEFENSA','823','823',18,0,0,907,'Rojo',2,2,22.57,23.25,0,0.00,0.00,'SPRAY DE AUTODEFENSA• Tipo de disparo: Chorro balístico.\n\n• Fórmula Activa: 10% OC + 1,33% Capsaicinoides (pimienta) de mayor efecto incapacitante.\n• Efecto inmediato sobre el agresor, con incapacitación instantánea durante 45 minutos sin efectos secundarios para su salud.\n• Capacidad para disparar hasta 15 disparos de 1 segundo.\n• Cantidad expulsada en cada disparo: +-1,7gr de OC.\n• Alcance mediante chorro balístico hasta una distancia de 5 metros. \n• Cuando dispara, no se esparce y no se vaporiza, incluso a contra-viento. \n• Sólo actúa sobre el agresor. \n• Dispara perfectamente desde cualquier posición, inclinado e incluso invertido. \n• Incluye un compuesto ultravioleta (UV) invisible que marca al agresor y que permite identificarlo hasta 48h después.\n• No produce efectos secundarios en el agresor. \n• Seguro protector contra disparo accidental. \n• Puede dejarse en vehículo al sol hasta altas temperaturas. \n• No contamina y protege la capa de Ozono. \n• No es explosivo ni inflamable y es compatible con defensas eléctricas. \n• Tamaño de bolsillo. Medidas: 10 X 1.6 cm de diámetro, con pinza de sujeción.',9,1,1,NULL,NULL),(15,'GANCHO PORTA CASCO','615','615',19,0,0,992,'Negro',2,2,5.64,5.81,0,0.00,0.00,'GANCHO PORTA CASCO.Soporte tipo llavero para llaves, accesorios, silbato, casco y/o demas accesorios.\n\n\nFabricado en acero de primera calidad y de gran resistencia.\n\nColor disponbile en negro unicamente.',9,1,1,NULL,NULL),(16,'GRILLETES','606','606',20,0,0,986,'gris',2,2,56.00,57.69,0,0.00,0.00,'GRILLETE BISAGRA.\n\nTipo de unión: Bisagra\nCerradura: Doble\nLlave: Standard\nFabricación: Remachado\nMecanismo: Doble cierre tratado\nDentado: Doble\nPeso: 340 grs\nLongitud: 215 mm\nApertura mínima: 50 mm\nPerímetro interior mínimo: 165 mm\nPerímetro interior máximo: 200 mm\nPosiciones de cierre: 20\nMaterial: Acero K-70\nDureza: Rockwell B HRB-95\nGrosor Plegado: 20 mm\n\nCertificado: NIJ Standard — 0307.01',9,1,1,NULL,NULL),(17,'GRILLETES ULITMATE','8256','8256',20,0,0,986,'gris',10,6,82.31,99.60,0,0.00,0.00,'GRILLETES TCH Los ULTIMATE con sistema de apertura en los dos lados son los grilletes de ultima generación y mas avanzados de uso policial hoy en día, con sistema de precarga y doble seguro. Al ser plegables son fáciles y cómodos de portar, y al convertirse en rígidos cumplen la misma función que los grilletes SPEEDCUFF.\n\nEstán sobredimensionados un 17% para muñecas grandes. Acabado en níquel. Peso: 455 grs y con 25 posiciones de cierre.\n\nCumple todos los requisitos de resistencia exigidos por la Norma NIJ 0307.01, excediendo en 50 grs el peso estándar.',9,1,1,NULL,NULL),(18,'GUANTE ANTICORTE','610','610',21,0,0,992,'negro',2,2,33.03,34.03,0,0.00,0.00,'GUANTE ANTICORTE NIVEL V.\n\n membrana anti-corte CutLess®, cumple con las expectativas con un ratio rendimiento/precio excepcional.\n\n \n\nLa delgada y comodísima membrana con resistencia al corte supera el máximo nivel 5, con una composición de poliamida, polietileno y fibra de vidrio. La membrana anti-corte cubre la totalidad del guante y se cose con hilo de Aramida de 3-ply para garantizar su protección homogénea y su fijación.\n\n \n\nEl guante, es un guante increíblemente liviano, transpirable, diseñado ergonómicamente, forrado y confeccionado únicamente con tejidos técnicos avanzados para poder ofrecer el máximo nivel de calidad y efectividad.\n\n \n\nEl dorso del guante está formado por una combinación de tejidos poliamidas bi-elásticos y Neopreno para garantizar la máxima flexibilidad y transpirabilidad. Las costuras son siempre planas y paralelas con una densidad de entre 4 y 5 puntadas por cm., con hilo de Nylon de 2-ply, para que jamás molesten al usuario.\n\n \n\nEn la palma del guante, incorpora el tejido AMARA®, que aporta sin lugar a dudas una enorme resistencia a la abrasión, de modo y en una sola pieza, protege toda la palma hasta la zona de las uñas de los dedos por la parte del dorso, ya que esa es una zona con mucho desgaste.\n\n \n\nEntre los dedos, el tejido bi-elástico cortado ergonómicamente con un ángulo de unos 25º aproximadamente, proporciona una comodidad añadida, puesto que se adapta al tamaño o grosor de los dedos del usuario y a la forma de estos, que es ligeramente curvado en reposo.\n\n \n\nAdicionalmente y para asegurar un buen agarre del arma o bastón del Policía, incluso en mojado, hemos añadido un tejido de poliuretano más, con grabado anti-deslizante a base de silicona injertada en la palma.\n\n \n\nA pesar de las múltiples capas de protección que incorpora el guante, éste sigue permitiendo el libre movimiento de la mano con un nivel de tacto y desteridad sin iguales.\n\n\nLas pruebas a las que se sometido, le han otorgado los siguientes niveles:\n\nNivel 2 en resistencia a la abrasión, correspondiente a 8000 ciclos, nivel 5 en resistencia al corte por cuchilla, correspondiente a índice 20, nivel 4 de resistencia al rasgado, correspondiente a 75N y nivel 4 en cuanto a la resistencia a la perforación, correspondiente a 150N.\nAlcanza el nivel 5 en desteridad y en las pruebas de permeabilidad al vapor de agua, supera el mínimo de 5mg/cm2 por hora de transmisión, mientras que la absorción de vapor de agua es de solo 8mg/cm2 para 8h.',8,1,1,NULL,NULL),(19,'GUANTE MOTORISTA','605','605',21,0,0,992,'negro',2,2,40.29,41.50,0,0.00,0.00,'GUANTE MOTORIST\n\nAGuantes con protecciones de fibra de carbono, lo que asegura la máxima protección en situaciones de riesgo.\n\n\nMuñecas y nudillos reforzados con foam inyectado y protección de fibra de carbono.\n\nCostura reforzada doble y muñequera elástica.\n\n\nCierres de velcro.',8,1,1,NULL,NULL),(20,'DISTINTIVO DE BRAZO ','903','903',22,0,0,538,'',2,2,3.63,3.74,0,0.00,0.00,'DISTINTIVO DE BRAZO POLICIAL CANARIAS',9,1,1,NULL,NULL),(21,'DISTINTIVO DE BRAZO MUNICIPAL','903','903',22,0,0,538,'',2,0,3.63,3.74,0,0.00,0.00,'DISTINTIVO DE BRAZO MUNICIPAL',9,1,1,NULL,NULL),(22,'GALONES DE PECHO','700','700',22,0,0,538,'azul marino noche',2,2,2.82,2.91,0,0.00,0.00,'GALONES DE PECHO. REGLAMENTO POLICIA LOCAL CANARIAS. ESCALA POLICIAL.',4,1,1,NULL,NULL),(23,'GALONES PARA HOMBRERAS','701','701',22,0,0,538,'azul marino noche',2,2,6.44,6.64,0,0.00,0.00,'GALONES PARA HOMBRERAS. REGLAMENTO POLICIA LOCAL CANARIAS',9,1,1,NULL,NULL),(24,'PLACA DE PLASTICO ','901','901',22,0,0,942,'',2,2,2.41,2.49,0,0.00,0.00,'PLACA DE PLASTICO PARA PECHO CON EL ESCUDO DE LA CCAA CANARIAS',9,1,1,NULL,NULL),(25,'PLACA METALICA ','900','900',22,0,0,942,'',2,2,6.44,6.64,0,0.00,0.00,'PLACA METALICA PRA PECHO CON EL ESCUDO OFICIAL DE LA COMUNIDAD AUTONOMA DE CANARIAS',9,1,1,NULL,NULL),(26,'PLACA PARA CARTERA','905','905',22,0,0,942,'',2,2,2.41,2.49,0,0.00,0.00,'PLACA PARA LA CARTERA PORTADOCUMENTOS',9,1,1,NULL,NULL),(27,'LINTERNA CON FUNDA','826','826',23,0,0,992,'',2,2,156.87,161.58,0,0.00,0.00,'LINTERNA CON FUNDA.\nCaracterísticas \n\nLed Luminus SST40 de luz blanca\n\nLed CREE XP-E2 - Luz roja y verde\n\nUtiliza 18650 o CR123\n\nRecargable USB tipo C \n\nPotencias\n\nTurbo - 1500 lúmenes / 1.2 horas\n\nAlto - 350 lúmenes / 4.4 horas\n\nMedia: 150 lúmenes / 10.8 horas\n\nBaja - 10 lúmenes / 100 horas\n\nLuz estroboscópica - 1500 lúmenes\n\nRoja - 150 lúmenes / 4.2 horas\n\nVerde - 200 lúmenes / 5.1 horas\n\nIndicador de nivel de batería\n\nLuz estroboscópica de frecuencia variable\n\nCuerpo de aluminio A6061-T6\n\nClasificación IP68 a prueba de agua\n\nLinterna táctica\n\nLa batería está incluida: una batería de alta capacidad Fenix ​​18650 (3500 mAh)\n\nBaterías recomendadas: una batería recargable de iones de litio 18650 de la serie Fenix ARB-L18 o dos baterías CR123A\n\nDiámetro Cabezal    40\nDiámetro Cuerpo 25,4\nLongitud    150\nPeso ( en gr.)  157\nDistancia máxima del haz de luz ( en metros)    350\nLúmenes 1400 a 1899 lúmenes\nAlimentación    18650, CR123\nNiveles de brillo   7\nEstrobo Si\nSOS No\nLuces de colores    Blanca , Roja y Verde\nProtección IP   IP68\nIndicador nivel de batería  Si',9,1,1,NULL,NULL),(28,'PORTAGUANTES ANTICORTE','617','617',24,0,0,992,'',2,2,4.02,4.15,0,0.00,0.00,'PORTAGUANTES.\n\nEl soporte de guantes giratorio permite al usuario llevar los guantes colgados del cinturon en posición vertical, lo que sin lugar a dudas alivia el espacio disponible en el ceñidor, ya que de llevar los guantes sujetos de forma horizontal, el espacio que éstos ocupan, obliga al Agente a deshacerse de equipación que puede necesitar.\nEl porta guantes está realizado en nylon de especificación militar de primera claidad con repuntado en todos los costados para asegurar un longevidad acorde con la calidad de nuestros productos.\nLos guantes quedan sujetos al soporte gracias a la trabilla con velcro que permite que el Agente asegure sus guantes con firmeza.\nAl ser rotatorio, guantes y soporte giran según sea el espacio o movimiento que le demos, por lo tanto al entrar en un vehículo, conducir una moticicleta o hacer un servcio a pie,  se adaptará en todo momento.\n\n\nCierre por tira téxtil que hace de abrazadera con velcro \nFijación perfecta compatible para todo tipo de guantes\nRápido agarre y desenfundado de guantes\nSujección para cinturón de dotación de hasta 5cm de alto\nDisponbile en negro.',9,1,1,NULL,NULL),(29,'SILBATO CON CADENA ','822','822',25,0,0,992,'negro',2,2,2.01,2.08,0,0.00,0.00,'SILBATO CON CADENA DE SUJECION',9,1,1,NULL,NULL),(30,'CALCETIN PARA BOTAS','301','301',1,0,0,992,'negro',2,2,4.83,4.98,0,0.00,0.00,'CALCETIN PARA BOTA. TRANSPIRABLES. REFORZADOS.',1,1,1,NULL,NULL),(31,'CALCETINES NEGROS PARA ZAPATOS','300','300',1,0,0,992,'negro',2,2,3.22,3.32,0,0.00,0.00,'CALCETIN NEGRO. COOLMAX. ANTIBACTERIANO. IONES DE PLATA.',1,1,1,NULL,NULL),(32,'BOTA AGUA','201','201',2,0,0,932,'amarrillo av + azul marino noche',3,2,24.17,24.90,0,0.00,0.00,'BOTA AGUA DUNLOP.',1,1,1,NULL,NULL),(33,'BOTA CRISPI','3231','3231',2,0,0,992,'negro',2,2,225.63,232.40,0,0.00,0.00,'BOTA CRISPI\n\nLa S.W.A.T. EVO GTX® está dotada de una construcción exterior en piel flor hidrorepelente con forro interno Gore-Tex® Insulated Comfort Footwear Lining con construcción tipo botín, la cual garantiza la máxima impermeabilidad y transpirabilidad. S.W.A.T. EVO GTX®, también cuenta con la tecnología en el C.S.F. CRISPI® Skeleton Frame, que gracias al soporte lateral de estabilidad permiten el máximo control torsional y al mismo tiempo una pisada con una flexión optima en la parte anterior. La particular forma rebajada del collar, permite un movimiento natural del tobillo en la caminata.',1,1,1,NULL,NULL),(34,'BOTA DE FAENA','620','620',2,0,0,992,'negro',8,2,112.81,116.20,0,0.00,0.00,'BOTA FAENA MAGNUM.',1,1,1,NULL,NULL),(35,'BOTA MOTORISTA','202','202',2,0,0,992,'negro',1,2,161.16,166.00,0,0.00,0.00,'BOTA MOTORISTA FAL.\n\nMÁS INFORMACIÓN\nBota de media caña de tipo moto \n\nPiel: box-calf flor hidrofugado color negro \n\nAcolchado interior: forrado en piel napa hidrofugada \n\nPalmilla antiperforación textil, culotte y cambrillón.. \n\nPiso: montado oficial de caucho con poliuretano. \n\nReflectante en trasera de 3M. \n\nForro interior: membrana Gore-Tex® Light Rock \n\nTopes y contrafuertes: Duroterm \n\nPlantilla interior forrada con Cambrelle gris \n\nCierre lateral por cremallera y velcro.',1,1,1,NULL,NULL),(36,'ZAPATILLA CRISPI ','8255','8255',2,0,0,992,'negro',6,2,161.16,166.00,0,0.00,0.00,'ZAPATILLA CRISPI SPY LOW\n\nOn/off duty. Desarrollado para acciones de policía urbana, donde prima la máxima agilidad y rapidez en los movimientos.\n\n•  Construcción exterior en piel flor hidrorepelente y tejido técnico.\n•  GORE-TEX® Extended Comfort Footwear Lining \n•  Entre suela con estructura diferenciada con inserto anti torsión \n•  Plantilla extraíble CRISPI® Air Mesh + Filtro + Carbono Activo. Óptima transpirabilidad con acción anti sudor/anti olor gracias a la construcción CRISPI® 3D que elimina la humedad dejando el pie seco en todo momento\n•  Suela Vibram® con inter suela amortizante con diseño exclusivo CRISPI®\nCOLOR DISPONIBLE:  NEGRO',1,1,1,NULL,NULL),(37,'ZAPATO DE CORDON','110','110',2,0,0,992,'negro',8,2,80.58,83.00,0,0.00,0.00,'-Corte de piel flor hidrofugada\n-Collar antifricción\n-Forro antihumedad y antiborlas\n-Plantilla termoconformada\n-Cambrillón termoplástico\n-Piso de caucho antideslizante',1,1,1,NULL,NULL),(38,'GORRA FAENA','1','',3,0,0,538,'azul marino noche',5,2,16.11,16.60,0,0.00,0.00,'GORRA FAENA',5,1,1,NULL,NULL),(39,'GORRA MOTO','garbados','',3,0,0,538,'azul marino noche',5,2,32.23,33.20,0,0.00,0.00,'GORRA MOTO CANARIAS',5,1,1,NULL,NULL),(40,'ANORAK','902','902',4,0,0,538,'azul marino noche',2,2,259.47,267.26,0,0.00,0.00,'ANORAK REVERSIBLE',8,1,1,NULL,NULL),(41,'CAZADORA','907','907',4,0,0,992,'',2,2,153.10,157.70,0,0.00,0.00,'CAZADORA. BICOLOR. CON ABERTURAS LATERALES Y FORRO POLAR DESMONTABLE. ',8,1,1,NULL,NULL),(42,'CAZADORA POLAR','ZEUSC','ZEUSC',4,0,0,992,'azul marino noche',2,2,96.69,99.60,0,0.00,0.00,'CAZADORA POLAR. POLICIA LOCAL CANARIAS',8,1,1,NULL,NULL),(43,'IMPERMEABLE','907','907',4,0,0,932,'amarillo av + azul marino noche',2,2,112.81,116.20,0,0.00,0.00,'ANORAK IMPERMEABLE.',8,1,1,NULL,NULL),(44,'PANTALON IMPERMEABLE','908','908',4,0,0,538,'azul marino noche',2,2,64.46,66.40,0,0.00,0.00,'PANTALON IMPERMEABLE',7,1,1,NULL,NULL),(45,'CAMISA GALA','104','104',5,0,0,980,'Blanco',2,2,25.78,26.56,0,0.00,0.00,'CAMISA GALA',2,1,1,NULL,NULL),(46,'CORBATA','105','105',5,1,0,538,'AZUL MARINO NOCHE',2,2,11.28,11.62,0,0.00,0.00,'CORBATA',9,1,1,NULL,NULL),(47,'GALONES HOMBRERA GALA','106','106',5,1,1,538,'AZUL MARINO NOCHE',2,2,28.20,29.05,0,0.00,0.00,'GALONES HOMBRERA. REGLAMENTO CANARIAS. ',4,1,1,NULL,NULL),(48,'GORRA GALA','100','100',5,1,1,538,'AZUL MARINO NOCHE',5,2,29.81,30.71,0,0.00,0.00,'GORRA GALA UNIFORMIDAD POLICIA LOCAL CANARIAS',5,1,1,NULL,NULL),(49,'GUANTES','106','106',5,1,1,980,'Blanco',2,2,20.14,20.75,0,0.00,0.00,'',8,1,1,NULL,NULL),(50,'GUERRERA GALA','102','102',5,1,1,538,'AZUL MARINO NOCHE',2,2,209.51,215.80,0,0.00,0.00,'GUERRERA GALA UNIFORMIDAD POLICIA LOCAL CANARIAS',7,1,1,NULL,NULL),(51,'PANTALON GALA','103','103',5,1,1,538,'AZUL MARINO NOCHE',2,2,41.90,43.16,0,0.00,0.00,'PANTALON GALA UNIFORMIDAD POLICIA LOCAL CANARIAS. SARGA.',7,1,1,NULL,'2021-02-08 20:15:50'),(52,'TRABA DE CORBATA','105','105',5,1,1,980,'',2,2,8.05,8.30,0,0.00,0.00,'TRABA DE CORBATA',9,1,1,NULL,NULL),(53,'CAZADORA MOTO VERANO','906','906',6,0,0,992,'',2,2,2.41,249.00,0,0.00,0.00,'CAZADORA  MOTO VERANO',8,1,1,NULL,NULL),(54,'CHAQUETA DE MOTO INVIERNO','904','904',6,0,0,932,'AMARILLO AV+ AZUL MARINO NOCHE',2,2,273.98,282.20,0,0.00,0.00,'CAZADORA MOTO INVIERNO',8,1,1,NULL,NULL),(55,'PANTALON BIELASTICO MOTO','16','16',6,0,0,538,'AZUL MARINO NOCHE',2,2,72.52,74.70,0,0.00,0.00,'PANTALON BIELASTICO MOTORISTA.',7,1,1,NULL,NULL),(56,'CAMISETA ANTICORTE','14','14',7,0,0,538,'AZUL MARINO NOCHE',2,2,96.69,99.60,0,0.00,0.00,'Camiseta anti-corte de manga corta desarrollada para vestir durante todo el año, confeccionada en Coolmax Fresh® por su alto poder de evacuación de líquidos que permite un uso prolongado de esta prenda.\n\nIDEAL PARA HACER DEPORTE, por su capacidad de evacuación de sudor y calor.\n\n\nProtección completa: órganos vitales en torso.\nCon costuras planas para evitar cualquier tipo de roce con la piel y tratamiento antibacteriano contra olores.\nDiseñada como primera capa para llevar debajo de cualquier prenda, ya sea uniforme o paisano, con la máxima protección contra armas blancas gracias a la malla anti-corte MTP-X-Protection®, salvaguardando las partes vitales del cuerpo.\nCómoda, ligera y de gran protección.\n\n-    Adaptable 100% al cuerpo como primera capa\n-    Alto poder de evacuación del sudor\n-    Distintas zonas de máxima transpiración en zonas de mayor sudoración (axilas, nuca, trasera de la cintura, etc.)\n-    Confección sin costuras de roce (seamless)\n-    Protección al corte de nivel máximo, superando el nivel 5 según UNE-EN388, certificado por Laboratorios AITEX\n-    Resistencia al desgarro y la abrasión (caídas y rozaduras)\n-    Antibacteriana libre de olores',8,1,1,NULL,NULL),(57,'CAMISETA INTERIOR','13','13',7,0,0,538,'AZUL MARINO NOCHE',2,2,8.05,8.30,0,0.00,0.00,'CAMISETA INTERIOR',8,1,1,NULL,NULL),(58,'PANTALON FAENA','15','15',7,0,0,538,'AZUL MARINO NOCHE',2,2,48.34,49.80,0,0.00,0.00,'PANTALON BIELASTICO FAENA. POLICIA LOCAL CANARIAS. HIDROREPELENTE. ANTIBACTERIANO.',7,1,1,NULL,NULL),(59,'PANTALON ORDINARIO','16','16',7,0,0,538,'AZUL MARINO NOCHE',2,2,37.06,38.18,0,0.00,0.00,'PANTALON ORDIANARIO BIELASTICO PARA GESTANTES.',7,1,1,NULL,NULL),(60,'POLO CAMISERO MANGA CORTA','10','10',7,0,0,538,'AZUL MARINO NOCHE',2,2,30.62,31.54,0,0.00,0.00,'POLO BICOLOR MANGA CORTA. POLICIA LOCAL CANARIAS. UPF+. ANTIBACTERIANO. OEKOTEX. MADE IN GREEN.',8,1,1,NULL,NULL),(61,'POLO MANGA LARGA','11','11',7,1,0,538,'AZUL MARINO NOCHE',2,2,40.29,41.50,0,0.00,0.00,'POLO MANGA LARGA BICOLOR. POLICIA LOCAL CANARIAS.\r\n\r\nUPF+. ANTIBACTERIANO. MADE IN GREEN. OEKOTEX.',8,1,1,NULL,'2021-02-01 10:04:01'),(62,'BOTAS CAÑA MEDIA','PC08','PC08',27,0,0,992,'negro',2,6,40.00,48.40,0,0.00,0.00,'BOTAS MEDIA CAÑA. ANTIDESLIZANTES.',1,1,1,NULL,'2021-02-08 19:19:08'),(63,'ZAPATO','PC09','PC09',27,0,0,992,'negro',2,6,25.09,30.37,0,0.00,0.00,'ZAPATO DE SERVICIO INTERIOR. ANTIDESLIZANTES. CORDONES. PIEL NEGRO.',1,1,1,NULL,'2021-02-08 19:16:20'),(64,'ANORAK BICOLOR','PC01','PC01',28,0,0,380,'NARANJA AV+AZUL MARINO NOCHE',2,6,110.00,133.10,0,0.00,0.00,'ANORAK BICOLOR CON FORRO DESMONTABLE. MODELO ZEUS',8,1,1,NULL,'2021-03-08 20:51:00'),(65,'CAMISETA INTERIOR MANGA CORTA','PC06','PC06',28,0,0,538,'AZUL MARINO NOCHE',2,6,6.00,7.26,0,0.00,0.00,'CAMISETA INTERIOR MANGA CORTA',8,1,1,NULL,'2021-02-08 19:12:37'),(66,'CHALECO DE ABRIGO','PC02','PC02',28,1,1,380,'NARANJA AV+AZUL MARINO NOCHE',2,6,30.00,36.30,0,0.00,0.00,'CHALECO DE ABRIGO',8,1,1,NULL,'2021-02-08 20:15:18'),(67,'GORRA','PC07','PC07',28,0,0,538,'NARANJA AV+AZUL MARINO NOCHE',5,6,12.00,12.52,0,0.00,0.00,'GORRA PC.',5,1,1,NULL,'2021-02-08 19:15:47'),(68,'PANTALON MULTIBOLSILLOS','PC05','PC05',28,0,0,538,'AZUL MARINO NOCHE',2,6,39.00,47.19,0,0.00,0.00,'PANTALON BIELASTICO MULTIBOLSILLOS. CON BANDAS REFLECTANTES EN AMBAS PIERNAS. HIDROREPELENTE. HIDROFUGO.',7,1,1,NULL,'2021-02-08 19:19:52'),(73,'test','ref','ref_fab',1,0,0,4,'4545',3,3,45.00,0.00,1,0.00,0.00,'test',1,1,0,'2021-02-08 20:07:43','2021-02-08 20:07:43'),(77,'polo bicolor manga corta','008','008',28,1,1,620,'100',2,6,24.79,30.00,0,0.00,0.00,NULL,8,1,1,'2021-02-08 21:26:28','2021-02-08 21:43:19'),(78,'polo manga larga','009','009',28,1,1,620,'009',2,6,25.62,31.00,0,0.00,0.00,NULL,8,1,1,'2021-02-08 21:32:10','2021-02-08 21:44:26'),(79,'PANTALON DE VERANO','3253','3253',30,1,1,992,NULL,2,3,68.00,70.72,0,0.00,0.00,NULL,7,1,1,'2021-03-31 04:09:42','2021-03-31 05:27:20'),(80,'GRILLETE UL1','7694','7694',31,1,1,992,NULL,4,3,73.00,75.92,0,0.00,0.00,NULL,9,1,1,'2021-03-31 04:13:33','2021-03-31 05:27:44'),(81,'GUANTE','214','214',32,1,1,992,NULL,2,3,56.00,58.24,0,0.00,0.00,NULL,5,1,1,'2021-03-31 04:17:11','2021-03-31 04:17:11'),(82,'CASCO BICI','098','098',33,1,1,947,NULL,4,3,49.00,50.96,0,0.00,0.00,NULL,5,1,1,'2021-03-31 04:37:09','2021-03-31 04:37:09'),(83,'BOTAS CABALLERIA','326','326',34,1,1,992,NULL,1,3,63.00,65.52,0,0.00,0.00,NULL,1,1,1,'2021-03-31 04:39:46','2021-03-31 04:39:46'),(84,'ZAPATILLA FOX3.0','3.0','FOX 3.0',35,1,1,992,NULL,2,6,83.00,100.43,0,0.00,0.00,'<h1>FOX 3.0</h1>\r\n\r\n<h2>&nbsp;</h2>\r\n\r\n<p>NUEVO EN LA CIUDAD</p>\r\n\r\n<p>&nbsp;</p>\r\n\r\n<ul>\r\n	<li>Corte de piel y nylon hidr&oacute;fugos<br />\r\n	&nbsp;</li>\r\n	<li>Forro antihumedad<br />\r\n	&nbsp;</li>\r\n	<li>Cierre de cordones con ojales y anillas de PVC<br />\r\n	&nbsp;</li>\r\n	<li>Leng&uuml;eta acolchada forrada para protecci&oacute;n del empeine<br />\r\n	&nbsp;</li>\r\n	<li>Collar antifricci&oacute;n<br />\r\n	&nbsp;</li>\r\n	<li>Estabilizador trasero<br />\r\n	&nbsp;</li>\r\n	<li>Zona de absorci&oacute;n de impacto en el tal&oacute;n<br />\r\n	&nbsp;</li>\r\n	<li>Plantilla termoconformada recambiable de espuma de EVA con forro antihumedad<br />\r\n	&nbsp;</li>\r\n	<li>Cambrill&oacute;n termopl&aacute;stico<br />\r\n	&nbsp;</li>\r\n	<li>Entresuela de PU<br />\r\n	&nbsp;</li>\r\n	<li>Piso de caucho carbono<br />\r\n	&nbsp;</li>\r\n	<li>Fabricado en Europa</li>\r\n</ul>',1,1,1,'2021-04-12 07:42:37','2021-04-12 08:05:13'),(85,'BOTA WOLF 6.0','WOLF 6.0','6.0',35,1,1,992,NULL,2,6,83.00,100.43,0,0.00,0.00,'<h1>&nbsp;</h1>\r\n\r\n<h1>WOLF 6.0 SIDE ZIP</h1>\r\n\r\n<h2>&nbsp;</h2>\r\n\r\n<p>&quot;Bot&iacute;n cremallera, todo comodidad&quot;</p>\r\n\r\n<p>&nbsp;</p>\r\n\r\n<ul>\r\n	<li>Corte de piel flor y nylon</li>\r\n	<li>Forro antihumedad</li>\r\n	<li>Cremallera lateral YKK</li>\r\n	<li>Cierre de cordones con ojales y anillas de PVC</li>\r\n	<li>Estabilizador trasero</li>\r\n	<li>Zona de absorci&oacute;n de impacto en el tal&oacute;n</li>\r\n	<li>Plantilla recambiable de PU</li>\r\n	<li>Cambrill&oacute;n termopl&aacute;stico</li>\r\n	<li>Entresuela de PU</li>\r\n	<li>Piso de caucho carbono</li>\r\n	<li>Fabricado en Europa</li>\r\n	<li>Certificado EN ISO 20347</li>\r\n	<li>O2,FO,SRC</li>\r\n	<li>Tallas disponibles EUR 36-47 ; US 4H-14</li>\r\n</ul>',1,1,1,'2021-04-12 07:45:04','2021-04-19 07:30:46'),(86,'BOTA WOLF 8.0','8.0','8.0',35,1,1,992,NULL,2,6,83.00,100.43,0,0.00,0.00,'<p><strong>&quot;C&Oacute;MODA Y R&Aacute;PIDA&quot;</strong></p>\r\n\r\n<ul>\r\n	<li>Corte de piel y nylon hidr&oacute;fugos<br />\r\n	&nbsp;</li>\r\n	<li>Forro antihumedad<br />\r\n	&nbsp;</li>\r\n	<li>Cremallera lateral YKK<br />\r\n	&nbsp;</li>\r\n	<li>Cierre de cordones con ojales y anillas de PVC<br />\r\n	&nbsp;</li>\r\n	<li>Estabilizador trasero<br />\r\n	&nbsp;</li>\r\n	<li>Zona de absorci&oacute;n de impacto en el tal&oacute;n<br />\r\n	&nbsp;</li>\r\n	<li>Plantilla termoconformada recambiable de espuma de EVA con forro antihumedad<br />\r\n	&nbsp;</li>\r\n	<li>Cambrill&oacute;n termopl&aacute;stico<br />\r\n	&nbsp;</li>\r\n	<li>Entresuela de PU<br />\r\n	&nbsp;</li>\r\n	<li>Piso de caucho carbono<br />\r\n	&nbsp;</li>\r\n	<li>Fabricado en Europa</li>\r\n</ul>',1,1,1,'2021-04-12 07:49:45','2021-04-15 03:56:07');
/*!40000 ALTER TABLE `products` ENABLE KEYS */;
UNLOCK TABLES;

--
-- Table structure for table `products_img`
--

DROP TABLE IF EXISTS `products_img`;
/*!40101 SET @saved_cs_client     = @@character_set_client */;
/*!40101 SET character_set_client = utf8 */;
CREATE TABLE `products_img` (
  `id_img` int(10) unsigned NOT NULL AUTO_INCREMENT,
  `id_product` int(11) NOT NULL,
  `url` varchar(255) COLLATE utf8mb4_unicode_ci NOT NULL,
  `created_at` timestamp NULL DEFAULT NULL,
  `updated_at` timestamp NULL DEFAULT NULL,
  PRIMARY KEY (`id_img`)
) ENGINE=InnoDB AUTO_INCREMENT=81 DEFAULT CHARSET=utf8mb4 COLLATE=utf8mb4_unicode_ci;
/*!40101 SET character_set_client = @saved_cs_client */;

--
-- Dumping data for table `products_img`
--

LOCK TABLES `products_img` WRITE;
/*!40000 ALTER TABLE `products_img` DISABLE KEYS */;
INSERT INTO `products_img` (`id_img`, `id_product`, `url`, `created_at`, `updated_at`) VALUES (5,3,'public/3/CASCO-INVERTENCION.jpg',NULL,NULL),(6,1,'public/1/BOLSO-DE-TRANSPORTE1.jpg',NULL,NULL),(7,1,'public/1/BOLSO-TRANSPORTE-3.jpg',NULL,NULL),(8,1,'public/1/BOLSO-TRANSPORTE2.jpg',NULL,NULL),(9,4,'public/4/CASCO-CANARIAS.jpg',NULL,NULL),(11,33,'public/33/crispi-swat-evo-gtx.jpg',NULL,NULL),(12,58,'public/58/pantalon.jpg',NULL,NULL),(13,59,'public/59/pantalon.jpg',NULL,NULL),(14,39,'public/39/gorra-dos.jpg',NULL,NULL),(15,39,'public/39/gorra.jpg',NULL,NULL),(16,5,'public/5/chaleco-antibalas-policia-local.jpg',NULL,NULL),(17,6,'public/6/CHSPS22.jpg',NULL,NULL),(18,7,'public/7/imBASE-800x800px-8bit-Dragon-Skin-001.jpg',NULL,NULL),(19,8,'public/8/baston-extensible-53-cm-incluye-funda-rigida-esp.jpg',NULL,NULL),(20,2,'public/2/cartera-portaplaca-libro.jpg',NULL,NULL),(21,9,'public/9/images.jfif',NULL,NULL),(22,10,'public/10/FUNDA_DEFENSA_ROTATORIA_ESP_2_620x.webp',NULL,NULL),(23,11,'public/11/funda-grilletes-gk-pro-red-label.jpg',NULL,NULL),(24,12,'public/12/portagrillete-rigido-plegable-tch-cuero.jpg',NULL,NULL),(25,13,'public/13/funda-spray-defensa-guardia-civil-75ml.jpg',NULL,NULL),(26,14,'public/14/spray-de-defensa-personal-homologado-sabre-red.jpg',NULL,NULL),(27,15,'public/15/descarga.jfif',NULL,NULL),(28,16,'public/16/grillete-bisagra-shoke-doble-cierre.jpg',NULL,NULL),(29,17,'public/17/grillete-rigido-plegable-tch-niquel-equipamiento-policial.jpg',NULL,NULL),(30,18,'public/18/guante-anticorte-fuerzas-de-seguridad-acp-16.jpg',NULL,NULL),(31,19,'public/19/guantes-de-moto-disturbios-con-proteccin-nudillos-kevlar.jpg',NULL,NULL),(32,20,'public/20/167871184.jpg',NULL,NULL),(33,21,'public/21/descarga-(1).jfif',NULL,NULL),(34,22,'public/22/67421645.jpg',NULL,NULL),(35,23,'public/23/images-(1).jfif',NULL,NULL),(36,24,'public/24/images-(2).jfif',NULL,NULL),(37,25,'public/25/policia-local-canarias.jpg',NULL,NULL),(38,26,'public/26/policia-local-canarias.jpg',NULL,NULL),(39,27,'public/27/71dil70S7qL._AC_SL1200_.jpg',NULL,NULL),(40,28,'public/28/porta-guantes-rotatorio-naylon-militar.jpg',NULL,NULL),(41,29,'public/29/imagenGrande1.jpg',NULL,NULL),(42,30,'public/30/s-l300.jpg',NULL,NULL),(43,31,'public/31/images-(3).jfif',NULL,NULL),(44,32,'public/32/botas-de-agua-pricemastor-dunlop.jpg',NULL,NULL),(45,34,'public/34/bota-fox-60-waterproof-negro-magnum.jpg',NULL,NULL),(46,35,'public/35/botas-fal-moto-goretex.jpg',NULL,NULL),(47,36,'public/36/botas-crispi-spy-low-gtx.jpg',NULL,NULL),(48,37,'public/37/descarga-(2).jfif',NULL,NULL),(49,38,'public/38/011020062332431.jpg',NULL,NULL),(50,48,'public/48/011020062325351.jpg',NULL,NULL),(51,45,'public/45/18007-Blanca_01_1024x.jpg',NULL,NULL),(52,46,'public/46/H145aff71ccd342d3beab020cf56afa19O.jpg_q50.jpg',NULL,NULL),(53,50,'public/50/325157456_1.jpg',NULL,NULL),(54,49,'public/49/71uLQQ91vFL._AC_UY445_.jpg',NULL,NULL),(55,57,'public/57/images-(4).jfif',NULL,NULL),(56,56,'public/56/camiseta-anticorte-manga-corta-nivel-5.jpg',NULL,NULL),(57,55,'public/55/pantalon.jpg',NULL,NULL),(58,52,'public/52/descarga-(3).jfif',NULL,NULL),(59,51,'public/51/unnamed.jpg',NULL,NULL),(60,47,'public/47/9-0.jpg',NULL,NULL),(62,62,'public/62/BOTA-WORKTEAM.jpg',NULL,NULL),(63,64,'public/64/IMG_8148.jpg',NULL,NULL),(64,66,'public/66/CHALECOACOLCHADO.jpg',NULL,NULL),(65,67,'public/67/gorrapicosgrecanaranja1.jpg',NULL,NULL),(66,68,'public/68/IMG_8145.jpg',NULL,NULL),(67,65,'public/65/CAMISETA-MANGA-CORTA.jpg',NULL,NULL),(68,63,'public/63/MAGNUMDUTY.jpg',NULL,NULL),(69,77,'public/77/polomangacortabicolornaranja1.jpg',NULL,NULL),(70,78,'public/78/polomangalargabicolornaranja.jpg',NULL,NULL),(71,79,'public/79/pantalon-invierno-policia.png',NULL,NULL),(72,80,'public/80/grillete-policial-tch-rigido-plegable-ultimate-niquel-doble-cerradura-tch852.jpg',NULL,NULL),(73,81,'public/81/AR-33-G-CAR-400x400.jpg',NULL,NULL),(74,82,'public/82/81rVwxjuKGL._AC_SX466_.jpg',NULL,NULL),(75,83,'public/83/botas-de-montar-de-cuero-castel-1-H250540.jpg',NULL,NULL),(76,84,'public/84/fox-3(1).png',NULL,NULL),(79,86,'public/86/WOLF',NULL,NULL),(80,85,'public/85/wolf-6.0.png',NULL,NULL);
/*!40000 ALTER TABLE `products_img` ENABLE KEYS */;
UNLOCK TABLES;

--
-- Table structure for table `regiones`
--

DROP TABLE IF EXISTS `regiones`;
/*!40101 SET @saved_cs_client     = @@character_set_client */;
/*!40101 SET character_set_client = utf8 */;
CREATE TABLE `regiones` (
  `id_region` int(10) unsigned NOT NULL AUTO_INCREMENT,
  `region` varchar(255) COLLATE utf8mb4_unicode_ci NOT NULL,
  `Visible` tinyint(1) NOT NULL,
  `created_at` timestamp NULL DEFAULT NULL,
  `updated_at` timestamp NULL DEFAULT NULL,
  PRIMARY KEY (`id_region`)
) ENGINE=InnoDB AUTO_INCREMENT=8 DEFAULT CHARSET=utf8mb4 COLLATE=utf8mb4_unicode_ci;
/*!40101 SET character_set_client = @saved_cs_client */;

--
-- Dumping data for table `regiones`
--

LOCK TABLES `regiones` WRITE;
/*!40000 ALTER TABLE `regiones` DISABLE KEYS */;
INSERT INTO `regiones` (`id_region`, `region`, `Visible`, `created_at`, `updated_at`) VALUES (1,'ALCOBENDAS',1,NULL,NULL),(2,'LOS REALEJOS',1,NULL,NULL),(3,'VILLANUEVA DE LA SERENA',1,'2021-02-25 15:40:34','2021-02-25 15:40:34'),(4,'CORDOBA',1,'2021-03-26 10:52:00','2021-03-26 11:04:44'),(5,'LLUCMAJOR',1,'2021-04-12 07:06:56','2021-04-12 07:06:56'),(6,'Elda',0,'2021-04-21 09:42:05','2021-04-21 09:42:05'),(7,'Catarroja',0,'2021-04-21 09:42:18','2021-04-21 09:42:18');
/*!40000 ALTER TABLE `regiones` ENABLE KEYS */;
UNLOCK TABLES;

--
-- Table structure for table `roles`
--

DROP TABLE IF EXISTS `roles`;
/*!40101 SET @saved_cs_client     = @@character_set_client */;
/*!40101 SET character_set_client = utf8 */;
CREATE TABLE `roles` (
  `id` bigint(20) unsigned NOT NULL AUTO_INCREMENT,
  `created_at` timestamp NULL DEFAULT NULL,
  `updated_at` timestamp NULL DEFAULT NULL,
  PRIMARY KEY (`id`)
) ENGINE=InnoDB DEFAULT CHARSET=utf8mb4 COLLATE=utf8mb4_unicode_ci;
/*!40101 SET character_set_client = @saved_cs_client */;

--
-- Dumping data for table `roles`
--

LOCK TABLES `roles` WRITE;
/*!40000 ALTER TABLE `roles` DISABLE KEYS */;
/*!40000 ALTER TABLE `roles` ENABLE KEYS */;
UNLOCK TABLES;

--
-- Table structure for table `rols`
--

DROP TABLE IF EXISTS `rols`;
/*!40101 SET @saved_cs_client     = @@character_set_client */;
/*!40101 SET character_set_client = utf8 */;
CREATE TABLE `rols` (
  `id_rol` int(10) unsigned NOT NULL AUTO_INCREMENT,
  `rol` varchar(255) COLLATE utf8mb4_unicode_ci NOT NULL,
  `created_at` timestamp NULL DEFAULT NULL,
  `updated_at` timestamp NULL DEFAULT NULL,
  PRIMARY KEY (`id_rol`)
) ENGINE=InnoDB AUTO_INCREMENT=5 DEFAULT CHARSET=utf8mb4 COLLATE=utf8mb4_unicode_ci;
/*!40101 SET character_set_client = @saved_cs_client */;

--
-- Dumping data for table `rols`
--

LOCK TABLES `rols` WRITE;
/*!40000 ALTER TABLE `rols` DISABLE KEYS */;
INSERT INTO `rols` (`id_rol`, `rol`, `created_at`, `updated_at`) VALUES (1,'agente',NULL,NULL),(2,'admin',NULL,NULL),(3,'super_admin',NULL,NULL),(4,'master',NULL,NULL);
/*!40000 ALTER TABLE `rols` ENABLE KEYS */;
UNLOCK TABLES;

--
-- Table structure for table `sessions`
--

DROP TABLE IF EXISTS `sessions`;
/*!40101 SET @saved_cs_client     = @@character_set_client */;
/*!40101 SET character_set_client = utf8 */;
CREATE TABLE `sessions` (
  `id` varchar(50) COLLATE utf8mb4_unicode_ci NOT NULL,
  `user_id` bigint(20) unsigned DEFAULT NULL,
  `ip_address` varchar(45) COLLATE utf8mb4_unicode_ci DEFAULT NULL,
  `user_agent` text COLLATE utf8mb4_unicode_ci DEFAULT NULL,
  `payload` text COLLATE utf8mb4_unicode_ci NOT NULL,
  `last_activity` int(11) NOT NULL,
  PRIMARY KEY (`id`),
  KEY `sessions_user_id_index` (`user_id`),
  KEY `sessions_last_activity_index` (`last_activity`)
) ENGINE=InnoDB DEFAULT CHARSET=utf8mb4 COLLATE=utf8mb4_unicode_ci;
/*!40101 SET character_set_client = @saved_cs_client */;

--
-- Dumping data for table `sessions`
--

LOCK TABLES `sessions` WRITE;
/*!40000 ALTER TABLE `sessions` DISABLE KEYS */;
INSERT INTO `sessions` (`id`, `user_id`, `ip_address`, `user_agent`, `payload`, `last_activity`) VALUES ('0fNpuPRHkk1jWD94jXVGvSBGroK3PEuY0hrIsJln',NULL,'44.242.163.16','Mozilla/5.0 (X11; Linux x86_64) AppleWebKit/537.36 (KHTML, like Gecko) Chrome/83.0.4103.97 Safari/537.36','YTozOntzOjY6Il90b2tlbiI7czo0MDoidUdseTFPemlDbTBPSmhpWThwSVpHU05XRFgxNEVVQTltb2lUOUJYbCI7czo5OiJfcHJldmlvdXMiO2E6MTp7czozOiJ1cmwiO3M6MjI6Imh0dHA6Ly9kYW5uZXIuZXMvbG9naW4iO31zOjY6Il9mbGFzaCI7YToyOntzOjM6Im9sZCI7YTowOnt9czozOiJuZXciO2E6MDp7fX19',1619954860),('1fdsHI9QcaqkdyKqERv4gLDhLDRqtkpl3l48O3le',NULL,'54.39.19.74','Mozilla/5.0 (Windows NT 10.0; Win64; x64) AppleWebKit/537.36 (KHTML, like Gecko; compatible; BW/1.1; bit.ly/2W6Px8S) Chrome/84.0.4147.105 Safari/537.36','YTozOntzOjY6Il90b2tlbiI7czo0MDoiMXJTUlMycGNZVU9tVDlDN1BBOVlYZVFBYzlsakl6U0NrV2dXVVBTVSI7czo5OiJfcHJldmlvdXMiO2E6MTp7czozOiJ1cmwiO3M6Mjg6Imh0dHA6Ly9kYW5uZXIuZXMvY29udGFjdGFub3MiO31zOjY6Il9mbGFzaCI7YToyOntzOjM6Im9sZCI7YTowOnt9czozOiJuZXciO2E6MDp7fX19',1619891121),('6I1CXibBDtEg01fIPdAHHTkE3e3wzgZEehuUUhix',NULL,'186.188.103.10','Mozilla/5.0 (Linux; Android 6.0.1; SM-J700M) AppleWebKit/537.36 (KHTML, like Gecko) Chrome/86.0.4240.99 Mobile Safari/537.36','YTo0OntzOjY6Il90b2tlbiI7czo0MDoiNVJXVml3cVpNSUVMbFp6ZTRJYzcySEdQNXZNZDZSdnRRYWJXSXZ3ZiI7czozOiJ1cmwiO2E6MTp7czo4OiJpbnRlbmRlZCI7czoxNjoiaHR0cDovL2Rhbm5lci5lcyI7fXM6OToiX3ByZXZpb3VzIjthOjE6e3M6MzoidXJsIjtzOjIyOiJodHRwOi8vZGFubmVyLmVzL2xvZ2luIjt9czo2OiJfZmxhc2giO2E6Mjp7czozOiJvbGQiO2E6MDp7fXM6MzoibmV3IjthOjA6e319fQ==',1619967349),('77rQNsy1VatEDTfCCblxL3MttzAkSZ1lswo0FenW',NULL,'207.46.13.103','Mozilla/5.0 (compatible; bingbot/2.0; +http://www.bing.com/bingbot.htm)','YTozOntzOjY6Il90b2tlbiI7czo0MDoiNzFaRDRodVBHZFNyWUxHemdUS0k2YXdzOExiRGlnRFFPMU9MUzlHQSI7czo5OiJfcHJldmlvdXMiO2E6MTp7czozOiJ1cmwiO3M6MjM6Imh0dHBzOi8vZGFubmVyLmVzL2xvZ2luIjt9czo2OiJfZmxhc2giO2E6Mjp7czozOiJvbGQiO2E6MDp7fXM6MzoibmV3IjthOjA6e319fQ==',1619940860),('auxvjeNLMoXlrWiCK3NvWWoEY7YK3IWSUqv51zp2',NULL,'3.15.222.237','Mozilla/5.0 (Windows NT 10.0; Win64; x64) AppleWebKit/537.36 (KHTML, like Gecko; compatible; BW/1.1; bit.ly/2W6Px8S) Chrome/84.0.4147.105 Safari/537.36','YTo0OntzOjY6Il90b2tlbiI7czo0MDoiQlkzVXNQblpNNTRoTlVLeExpeU1OY01pZ2pRZHl5eWVOb1h4Q0FkZSI7czozOiJ1cmwiO2E6MTp7czo4OiJpbnRlbmRlZCI7czoxNjoiaHR0cDovL2Rhbm5lci5lcyI7fXM6OToiX3ByZXZpb3VzIjthOjE6e3M6MzoidXJsIjtzOjE2OiJodHRwOi8vZGFubmVyLmVzIjt9czo2OiJfZmxhc2giO2E6Mjp7czozOiJvbGQiO2E6MDp7fXM6MzoibmV3IjthOjA6e319fQ==',1619889329),('b1Et73LFgZ8Rkrgeq9KVCxf9VoqKe6hSKx7PhyRD',6,'186.188.103.10','Mozilla/5.0 (Windows NT 10.0; Win64; x64) AppleWebKit/537.36 (KHTML, like Gecko) Chrome/90.0.4430.93 Safari/537.36','YTo3OntzOjY6Il90b2tlbiI7czo0MDoibzdNNDlGUTkyOFRaRVM5TVEzN1hQZHNZMHBXQ1E5ZjVHZ3czQUhiRSI7czo2OiJfZmxhc2giO2E6Mjp7czozOiJvbGQiO2E6MDp7fXM6MzoibmV3IjthOjA6e319czozOiJ1cmwiO2E6MDp7fXM6OToiX3ByZXZpb3VzIjthOjE6e3M6MzoidXJsIjtzOjE2OiJodHRwOi8vZGFubmVyLmVzIjt9czo1MDoibG9naW5fd2ViXzU5YmEzNmFkZGMyYjJmOTQwMTU4MGYwMTRjN2Y1OGVhNGUzMDk4OWQiO2k6NjtzOjE3OiJwYXNzd29yZF9oYXNoX3dlYiI7czo2MDoiJDJ5JDEwJDVkaGhZMkcwTTFwVlVjRlhuTC5GWS5QNlRwWXllenNBRHo2OTAvMVNPVDQvUVp3dUFLbFJhIjtzOjIxOiJwYXNzd29yZF9oYXNoX3NhbmN0dW0iO3M6NjA6IiQyeSQxMCQ1ZGhoWTJHME0xcFZVY0ZYbkwuRlkuUDZUcFl5ZXpzQUR6NjkwLzFTT1Q0L1Fad3VBS2xSYSI7fQ==',1619836018),('DrRxa1TJJkDx37HH6pyENXsGwODgg8ryO2mZbinW',NULL,'176.9.41.28','Mozilla/5.0 (compatible; MegaIndex.ru/2.0; +http://megaindex.com/crawler)','YTo0OntzOjY6Il90b2tlbiI7czo0MDoiSFlBaFFvR2Z0Y2JUQ2lOcW1JSlExczQ1TkRWWktQbVRpbW1HMkl4SyI7czozOiJ1cmwiO2E6MTp7czo4OiJpbnRlbmRlZCI7czoxNjoiaHR0cDovL2Rhbm5lci5lcyI7fXM6OToiX3ByZXZpb3VzIjthOjE6e3M6MzoidXJsIjtzOjMyOiJodHRwOi8vZGFubmVyLmVzL2ZvcmdvdC1wYXNzd29yZCI7fXM6NjoiX2ZsYXNoIjthOjI6e3M6Mzoib2xkIjthOjA6e31zOjM6Im5ldyI7YTowOnt9fX0=',1619840225),('E7I3Crugo59YBf9YIRnBEJlUbFP9pfEIE93ghna4',NULL,'104.154.250.123','Mozilla/5.0 (X11; Linux x86_64) AppleWebKit/537.36 (KHTML, like Gecko) Chrome/57.0.2987.110 Safari/537.36','YTozOntzOjY6Il90b2tlbiI7czo0MDoibm1GeVF6Z2QwMjZTZHdRUjVpTncxQmYzVEYzQXhJUEJZNzdidnk3RCI7czo5OiJfcHJldmlvdXMiO2E6MTp7czozOiJ1cmwiO3M6MjM6Imh0dHBzOi8vZGFubmVyLmVzL2xvZ2luIjt9czo2OiJfZmxhc2giO2E6Mjp7czozOiJvbGQiO2E6MDp7fXM6MzoibmV3IjthOjA6e319fQ==',1619896053),('hPSYd258SqCPk3X7EOHNRwDvLsVt3xo0JWJvSjKZ',NULL,'207.46.13.49','Mozilla/5.0 (compatible; bingbot/2.0; +http://www.bing.com/bingbot.htm)','YTozOntzOjY6Il90b2tlbiI7czo0MDoiWDczMUhzaXJoUGkxODJLYmhrVExCc0RCSEhZR0FUdGQyeVc5clN5VCI7czo5OiJfcHJldmlvdXMiO2E6MTp7czozOiJ1cmwiO3M6MjU6Imh0dHBzOi8vZGFubmVyLmVzL2VtcHJlc2EiO31zOjY6Il9mbGFzaCI7YToyOntzOjM6Im9sZCI7YTowOnt9czozOiJuZXciO2E6MDp7fX19',1619833108),('Iy7DlmqhhnUFKwyTmnj3kDWM6mDsr7MNhQ8fhbyp',NULL,'66.249.73.78','Mozilla/5.0 (Linux; Android 6.0.1; Nexus 5X Build/MMB29P) AppleWebKit/537.36 (KHTML, like Gecko) Chrome/90.0.4430.84 Mobile Safari/537.36 (compatible; Googlebot/2.1; +http://www.google.com/bot.html)','YTo0OntzOjY6Il90b2tlbiI7czo0MDoiZmJLOWJmRDFBdHhxMU03aHZPTG1EcTA1RFp6S0VSeEFnbzdwWDFjaiI7czozOiJ1cmwiO2E6MTp7czo4OiJpbnRlbmRlZCI7czoxNzoiaHR0cHM6Ly9kYW5uZXIuZXMiO31zOjk6Il9wcmV2aW91cyI7YToxOntzOjM6InVybCI7czoyMzoiaHR0cHM6Ly9kYW5uZXIuZXMvbG9naW4iO31zOjY6Il9mbGFzaCI7YToyOntzOjM6Im9sZCI7YTowOnt9czozOiJuZXciO2E6MDp7fX19',1619947473),('J2Xz7K0NG1a0IfLIfQ0vF3dH3WAwMO2FDiZJ4E4H',NULL,'104.154.250.123','Mozilla/5.0 (X11; Linux x86_64) AppleWebKit/537.36 (KHTML, like Gecko) Chrome/57.0.2987.110 Safari/537.36','YTo0OntzOjY6Il90b2tlbiI7czo0MDoiQ2s2YzNNcWQ3UGd0RWNEVzc5TjhvQXhJY2VXa3VuQjhPNW1uSHZHTSI7czozOiJ1cmwiO2E6MTp7czo4OiJpbnRlbmRlZCI7czoxNzoiaHR0cHM6Ly9kYW5uZXIuZXMiO31zOjk6Il9wcmV2aW91cyI7YToxOntzOjM6InVybCI7czoxNzoiaHR0cHM6Ly9kYW5uZXIuZXMiO31zOjY6Il9mbGFzaCI7YToyOntzOjM6Im9sZCI7YTowOnt9czozOiJuZXciO2E6MDp7fX19',1619896053),('j4iXzDS8yAT1wV0VlqRyglwXP4cc6BH7vVPqHoho',NULL,'66.249.73.78','Mozilla/5.0 (Linux; Android 6.0.1; Nexus 5X Build/MMB29P) AppleWebKit/537.36 (KHTML, like Gecko) Chrome/90.0.4430.84 Mobile Safari/537.36 (compatible; Googlebot/2.1; +http://www.google.com/bot.html)','YTo0OntzOjY6Il90b2tlbiI7czo0MDoiTEJkM2ZOTlU5SUJXVE1HVHM2VjQ2MTVqUldra3JiekprU2dCUVd1NyI7czozOiJ1cmwiO2E6MTp7czo4OiJpbnRlbmRlZCI7czoxNzoiaHR0cHM6Ly9kYW5uZXIuZXMiO31zOjk6Il9wcmV2aW91cyI7YToxOntzOjM6InVybCI7czoyMzoiaHR0cHM6Ly9kYW5uZXIuZXMvbG9naW4iO31zOjY6Il9mbGFzaCI7YToyOntzOjM6Im9sZCI7YTowOnt9czozOiJuZXciO2E6MDp7fX19',1619980342),('JpeiiidiSRrrcmvYh5nXEVI72IdFdyZNPZmkBRTh',NULL,'213.180.203.29','Mozilla/5.0 (compatible; YandexBot/3.0; +http://yandex.com/bots)','YTo0OntzOjY6Il90b2tlbiI7czo0MDoiNkFpQkU2MHdHQUlKa1FsU2Z3OUpnQllmcklISUNSaHJMcGxLYzNJTSI7czozOiJ1cmwiO2E6MTp7czo4OiJpbnRlbmRlZCI7czoxNzoiaHR0cHM6Ly9kYW5uZXIuZXMiO31zOjk6Il9wcmV2aW91cyI7YToxOntzOjM6InVybCI7czoxNzoiaHR0cHM6Ly9kYW5uZXIuZXMiO31zOjY6Il9mbGFzaCI7YToyOntzOjM6Im9sZCI7YTowOnt9czozOiJuZXciO2E6MDp7fX19',1619953171),('KGtBk6oER4g9Ek6HT2iGI05BWP6JAuEWa3CuutnV',NULL,'5.45.207.168','Mozilla/5.0 (compatible; YandexBot/3.0; +http://yandex.com/bots)','YTozOntzOjY6Il90b2tlbiI7czo0MDoiZm1ZdzFqUENWMHd3cHBSS1hlc3IzSkg1bmY5Yzd5UXBDbzEyS0kzUyI7czo5OiJfcHJldmlvdXMiO2E6MTp7czozOiJ1cmwiO3M6MjM6Imh0dHBzOi8vZGFubmVyLmVzL2xvZ2luIjt9czo2OiJfZmxhc2giO2E6Mjp7czozOiJvbGQiO2E6MDp7fXM6MzoibmV3IjthOjA6e319fQ==',1619953175),('mYXm1hc0oxfg4vnzZTOYIg7znTj8mH3meLRCrCjO',NULL,'3.15.222.237','Mozilla/5.0 (Windows NT 10.0; Win64; x64) AppleWebKit/537.36 (KHTML, like Gecko; compatible; BW/1.1; bit.ly/2W6Px8S) Chrome/84.0.4147.105 Safari/537.36','YTozOntzOjY6Il90b2tlbiI7czo0MDoiWkI5REI4Q212UnlpaHVGVm1LclJZY1g0NXNjb3lja3ZtSXZGQ25NNSI7czo5OiJfcHJldmlvdXMiO2E6MTp7czozOiJ1cmwiO3M6MjI6Imh0dHA6Ly9kYW5uZXIuZXMvbG9naW4iO31zOjY6Il9mbGFzaCI7YToyOntzOjM6Im9sZCI7YTowOnt9czozOiJuZXciO2E6MDp7fX19',1619889330),('p0jHDe1acryWgRwSUOJHhoz1fK0XXYOhDUaVLmFn',NULL,'66.249.73.76','Mozilla/5.0 (compatible; Googlebot/2.1; +http://www.google.com/bot.html)','YTo0OntzOjY6Il90b2tlbiI7czo0MDoiTzV3Q1U2QWk3aXBIaGwxVWtmRGRkMXVoZURVemRidGMydnZwQ3dSWiI7czozOiJ1cmwiO2E6MTp7czo4OiJpbnRlbmRlZCI7czoxNzoiaHR0cHM6Ly9kYW5uZXIuZXMiO31zOjk6Il9wcmV2aW91cyI7YToxOntzOjM6InVybCI7czoyMzoiaHR0cHM6Ly9kYW5uZXIuZXMvbG9naW4iO31zOjY6Il9mbGFzaCI7YToyOntzOjM6Im9sZCI7YTowOnt9czozOiJuZXciO2E6MDp7fX19',1619976574),('PPdMm3hezplNVVXtfjJAjLry25r8auf03llzfhp1',NULL,'44.242.163.16','Mozilla/5.0 (X11; Linux x86_64) AppleWebKit/537.36 (KHTML, like Gecko) Chrome/83.0.4103.97 Safari/537.36','YTo0OntzOjY6Il90b2tlbiI7czo0MDoiMkJKWm52MTRTckx6eElJVnZJSktVRGFjZ3NPcXNYcW83cE91a05nYyI7czozOiJ1cmwiO2E6MTp7czo4OiJpbnRlbmRlZCI7czoxNjoiaHR0cDovL2Rhbm5lci5lcyI7fXM6OToiX3ByZXZpb3VzIjthOjE6e3M6MzoidXJsIjtzOjE2OiJodHRwOi8vZGFubmVyLmVzIjt9czo2OiJfZmxhc2giO2E6Mjp7czozOiJvbGQiO2E6MDp7fXM6MzoibmV3IjthOjA6e319fQ==',1619954859),('VpdeePkCKRTuSogwKynUJSeI6PHduvkXq7jd6Iwl',NULL,'66.249.73.76','Mozilla/5.0 (compatible; Googlebot/2.1; +http://www.google.com/bot.html)','YTo0OntzOjY6Il90b2tlbiI7czo0MDoiVW1QbzFEY1J2cWN1amNBTlJ6ZmRmdHROYjBBUEdmNnNHNzFoNE9qUCI7czozOiJ1cmwiO2E6MTp7czo4OiJpbnRlbmRlZCI7czoxNzoiaHR0cHM6Ly9kYW5uZXIuZXMiO31zOjk6Il9wcmV2aW91cyI7YToxOntzOjM6InVybCI7czoyMzoiaHR0cHM6Ly9kYW5uZXIuZXMvbG9naW4iO31zOjY6Il9mbGFzaCI7YToyOntzOjM6Im9sZCI7YTowOnt9czozOiJuZXciO2E6MDp7fX19',1619943366),('wGTIPUzC4Ku8DTQHBtdXBrXOIMzzQ9yRy9YfzuWr',NULL,'207.46.13.123','Mozilla/5.0 (compatible; bingbot/2.0; +http://www.bing.com/bingbot.htm)','YTozOntzOjY6Il90b2tlbiI7czo0MDoiMUpvWXNabU5MRU9PVzZPbGNyR3dMWWw3YjlrdUxlQ3YzTG83NExmQSI7czo5OiJfcHJldmlvdXMiO2E6MTp7czozOiJ1cmwiO3M6MzM6Imh0dHBzOi8vZGFubmVyLmVzL2ZvcmdvdC1wYXNzd29yZCI7fXM6NjoiX2ZsYXNoIjthOjI6e3M6Mzoib2xkIjthOjA6e31zOjM6Im5ldyI7YTowOnt9fX0=',1619949740),('zVc3iyGrXmTEhvBSEKRvmnCyoNTuXFlmliT9Su14',NULL,'186.185.251.254','WhatsApp/2.21.2.18 A','YTozOntzOjY6Il90b2tlbiI7czo0MDoibUFLYlNhVXd3V1RpRFNIT2ZTSlBvSVBFT3BOck11cWgzTVp2aXh0aCI7czo5OiJfcHJldmlvdXMiO2E6MTp7czozOiJ1cmwiO3M6MjI6Imh0dHA6Ly9kYW5uZXIuZXMvbG9naW4iO31zOjY6Il9mbGFzaCI7YToyOntzOjM6Im9sZCI7YTowOnt9czozOiJuZXciO2E6MDp7fX19',1619835233);
/*!40000 ALTER TABLE `sessions` ENABLE KEYS */;
UNLOCK TABLES;

--
-- Table structure for table `shopping_cart`
--

DROP TABLE IF EXISTS `shopping_cart`;
/*!40101 SET @saved_cs_client     = @@character_set_client */;
/*!40101 SET character_set_client = utf8 */;
CREATE TABLE `shopping_cart` (
  `id_cart_item` int(10) unsigned NOT NULL AUTO_INCREMENT,
  `id_user` int(11) NOT NULL,
  `id_product` int(11) NOT NULL,
  `talla` varchar(255) COLLATE utf8mb4_unicode_ci NOT NULL,
  `nombre` varchar(255) COLLATE utf8mb4_unicode_ci NOT NULL,
  `precio` double(10,2) NOT NULL,
  `precio_iva` double(10,2) NOT NULL,
  `observaciones` longtext COLLATE utf8mb4_unicode_ci DEFAULT NULL,
  `qty` int(11) NOT NULL,
  `id_pedidos` int(11) DEFAULT NULL,
  `created_at` timestamp NULL DEFAULT NULL,
  `updated_at` timestamp NULL DEFAULT NULL,
  PRIMARY KEY (`id_cart_item`)
) ENGINE=InnoDB AUTO_INCREMENT=522 DEFAULT CHARSET=utf8mb4 COLLATE=utf8mb4_unicode_ci;
/*!40101 SET character_set_client = @saved_cs_client */;

--
-- Dumping data for table `shopping_cart`
--

LOCK TABLES `shopping_cart` WRITE;
/*!40000 ALTER TABLE `shopping_cart` DISABLE KEYS */;
INSERT INTO `shopping_cart` (`id_cart_item`, `id_user`, `id_product`, `talla`, `nombre`, `precio`, `precio_iva`, `observaciones`, `qty`, `id_pedidos`, `created_at`, `updated_at`) VALUES (1,2,2,'Unica','CARTERA PORTADOCUMENTOS',18.53,19.09,NULL,3,1,NULL,'2021-01-16 10:38:41'),(2,2,62,'36','BOTAS CAÑA MEDIA',40.00,48.40,NULL,1,2,NULL,'2021-01-21 17:00:21'),(3,19,24,'Unica','PLACA DE PLASTICO',2.41,2.49,NULL,1,3,NULL,'2021-01-23 19:25:21'),(4,19,31,'45','CALCETINES NEGROS PARA ZAPATOS',3.22,3.32,NULL,1,3,NULL,'2021-01-23 19:25:21'),(5,19,15,'Unica','GANCHO PORTA CASCO',5.64,5.81,NULL,1,3,NULL,'2021-01-23 19:25:21'),(6,19,28,'Unica','PORTAGUANTES ANTICORTE',4.02,4.15,NULL,1,3,NULL,'2021-01-23 19:25:21'),(7,19,18,'L','GUANTE ANTICORTE',33.03,34.03,NULL,1,3,NULL,'2021-01-23 19:25:21'),(8,19,56,'M','CAMISETA ANTICORTE',96.69,99.60,NULL,1,3,NULL,'2021-01-23 19:25:21'),(9,19,41,'L','CAZADORA',153.10,157.70,NULL,1,3,NULL,'2021-01-23 19:25:21'),(10,19,38,'P','GORRA FAENA',16.11,16.60,NULL,1,3,NULL,'2021-01-23 19:25:21'),(11,19,32,'45','BOTA AGUA',24.17,24.90,NULL,1,3,NULL,'2021-01-23 19:25:21'),(12,19,30,'45','CALCETIN PARA BOTAS',4.83,4.98,NULL,3,3,NULL,'2021-01-23 19:25:21'),(13,19,2,'Unica','CARTERA PORTADOCUMENTOS',18.53,19.09,NULL,1,3,NULL,'2021-01-23 19:25:21'),(14,19,57,'M','CAMISETA INTERIOR',8.05,8.30,NULL,3,3,NULL,'2021-01-23 19:25:21'),(15,19,58,'42','PANTALON FAENA',48.34,49.80,NULL,2,3,NULL,'2021-01-23 19:25:21'),(16,19,60,'M','POLO CAMISERO MANGA CORTA',30.62,31.54,NULL,2,3,NULL,'2021-01-23 19:25:21'),(17,19,14,'Unica','SPRAY DE AUTODEFENSA',22.57,23.25,NULL,1,3,NULL,'2021-01-23 19:25:21'),(18,2,1,'Unica','BOLSO TACTICO POLICIAL',47.67,49.11,NULL,2,4,NULL,'2021-01-25 20:57:09'),(20,35,30,'43','CALCETIN PARA BOTAS',4.83,4.98,NULL,1,5,NULL,'2021-02-01 09:51:29'),(21,35,36,'43','ZAPATILLA CRISPI',161.16,166.00,NULL,1,5,NULL,'2021-02-01 09:51:29'),(22,35,2,'Unica','CARTERA PORTADOCUMENTOS',18.53,19.09,NULL,1,5,NULL,'2021-02-01 09:51:29'),(23,35,60,'L','POLO CAMISERO MANGA CORTA',30.62,31.54,NULL,2,5,NULL,'2021-02-01 09:51:29'),(24,35,58,'42','PANTALON FAENA',48.34,49.80,NULL,1,5,NULL,'2021-02-01 09:51:29'),(25,35,57,'L','CAMISETA INTERIOR',8.05,8.30,NULL,2,5,NULL,'2021-02-01 09:51:29'),(26,35,7,'M','CINTURON POLICIAL',22.56,23.24,NULL,1,5,NULL,'2021-02-01 09:51:29'),(27,35,40,'L','ANORAK',259.47,267.26,NULL,1,5,NULL,'2021-02-01 09:51:29'),(28,20,29,'Unica','SILBATO CON CADENA',2.01,2.08,NULL,1,6,NULL,'2021-02-01 10:06:01'),(29,20,31,'44','CALCETINES NEGROS PARA ZAPATOS',3.22,3.32,NULL,1,6,NULL,'2021-02-01 10:06:01'),(30,20,38,'P','GORRA FAENA',16.11,16.60,NULL,1,6,NULL,'2021-02-01 10:06:01'),(31,20,4,'P','CASCO MOTORISTA',362.62,373.50,NULL,1,6,NULL,'2021-02-01 10:06:01'),(32,20,54,'L','CHAQUETA DE MOTO INVIERNO',273.98,282.20,NULL,1,6,NULL,'2021-02-01 10:06:01'),(33,20,19,'XL','GUANTE MOTORISTA',40.29,41.50,NULL,1,6,NULL,'2021-02-01 10:06:01'),(34,20,55,'44','PANTALON BIELASTICO MOTO',72.52,74.70,NULL,1,6,NULL,'2021-02-01 10:06:01'),(36,20,30,'43','CALCETIN PARA BOTAS',4.83,4.98,NULL,4,6,NULL,'2021-02-01 10:06:01'),(37,20,57,'L','CAMISETA INTERIOR',8.05,8.30,NULL,4,6,NULL,'2021-02-01 10:06:01'),(39,20,60,'L','POLO CAMISERO MANGA CORTA',30.62,31.54,NULL,2,6,NULL,'2021-02-01 10:06:01'),(40,20,58,'44','PANTALON FAENA',48.34,49.80,NULL,2,6,NULL,'2021-02-01 10:06:01'),(41,20,34,'43','BOTA DE FAENA',112.81,116.20,NULL,1,6,NULL,'2021-02-01 10:06:01'),(42,20,35,'43','BOTA MOTORISTA',161.16,166.00,NULL,1,6,NULL,'2021-02-01 10:06:01'),(43,20,39,'P','GORRA MOTO',32.23,33.20,NULL,1,6,NULL,'2021-02-01 10:06:01'),(44,20,41,'L','CAZADORA',153.10,157.70,NULL,1,6,NULL,'2021-02-01 10:06:01'),(45,20,61,'L','POLO MANGA LARGA',40.29,41.50,NULL,1,6,NULL,'2021-02-01 10:06:01'),(46,35,30,'43','CALCETIN PARA BOTAS',4.83,4.98,NULL,2,7,NULL,'2021-02-01 10:11:56'),(47,35,36,'43','ZAPATILLA CRISPI',161.16,166.00,NULL,1,7,NULL,'2021-02-01 10:11:56'),(48,35,2,'Unica','CARTERA PORTADOCUMENTOS',18.53,19.09,NULL,1,7,NULL,'2021-02-01 10:11:56'),(49,35,60,'L','POLO CAMISERO MANGA CORTA',30.62,31.54,NULL,2,7,NULL,'2021-02-01 10:11:56'),(50,35,58,'42','PANTALON FAENA',48.34,49.80,NULL,1,7,NULL,'2021-02-01 10:11:56'),(51,35,57,'L','CAMISETA INTERIOR',8.05,8.30,NULL,2,7,NULL,'2021-02-01 10:11:56'),(52,35,7,'M','CINTURON POLICIAL',22.56,23.24,NULL,1,7,NULL,'2021-02-01 10:11:56'),(53,35,40,'L','ANORAK',259.47,267.26,NULL,1,7,NULL,'2021-02-01 10:11:56'),(54,4,30,'44','CALCETIN PARA BOTAS',4.83,4.98,NULL,1,8,NULL,'2021-02-01 10:18:01'),(55,4,7,'L','CINTURON POLICIAL',22.56,23.24,NULL,1,8,NULL,'2021-02-01 10:18:01'),(56,4,27,'Unica','LINTERNA CON FUNDA',156.87,161.58,NULL,1,8,NULL,'2021-02-01 10:18:01'),(57,4,61,'L','POLO MANGA LARGA',40.29,41.50,NULL,1,8,NULL,'2021-02-01 10:18:01'),(58,4,58,'42','PANTALON FAENA',48.34,49.80,NULL,2,8,NULL,'2021-02-01 10:18:01'),(59,4,60,'L','POLO CAMISERO MANGA CORTA',30.62,31.54,NULL,3,8,NULL,'2021-02-01 10:18:01'),(60,4,41,'L','CAZADORA',153.10,157.70,NULL,1,8,NULL,'2021-02-01 10:18:01'),(61,4,38,'P','GORRA FAENA',16.11,16.60,NULL,1,8,NULL,'2021-02-01 10:18:01'),(62,23,41,'S','CAZADORA',153.10,157.70,NULL,1,9,NULL,'2021-02-01 10:43:07'),(63,23,26,'Unica','PLACA PARA CARTERA',2.41,2.49,NULL,1,9,NULL,'2021-02-01 10:43:07'),(64,23,30,'41','CALCETIN PARA BOTAS',4.83,4.98,NULL,3,9,NULL,'2021-02-01 10:43:07'),(65,23,7,'S','CINTURON POLICIAL',22.56,23.24,NULL,1,9,NULL,'2021-02-01 10:43:07'),(66,23,57,'S','CAMISETA INTERIOR',8.05,8.30,NULL,2,9,NULL,'2021-02-01 10:43:07'),(67,23,15,'Unica','GANCHO PORTA CASCO',5.64,5.81,NULL,1,9,NULL,'2021-02-01 10:43:07'),(68,23,60,'S','POLO CAMISERO MANGA CORTA',30.62,31.54,NULL,2,9,NULL,'2021-02-01 10:43:07'),(69,23,58,'38','PANTALON FAENA',48.34,49.80,NULL,2,9,NULL,'2021-02-01 10:43:07'),(70,23,34,'41','BOTA DE FAENA',112.81,116.20,NULL,1,9,NULL,'2021-02-01 10:43:07'),(71,23,44,'40','PANTALON IMPERMEABLE',64.46,66.40,NULL,1,9,NULL,'2021-02-01 10:43:07'),(72,23,38,'M','GORRA FAENA',16.11,16.60,NULL,1,9,NULL,'2021-02-01 10:43:07'),(73,23,32,'41','BOTA AGUA',24.17,24.90,NULL,1,9,NULL,'2021-02-01 10:43:07'),(74,14,30,'45','CALCETIN PARA BOTAS',4.83,4.98,NULL,1,10,NULL,'2021-02-01 10:50:55'),(75,14,57,'XL','CAMISETA INTERIOR',8.05,8.30,NULL,2,10,NULL,'2021-02-01 10:50:55'),(76,14,27,'Unica','LINTERNA CON FUNDA',156.87,161.58,NULL,1,10,NULL,'2021-02-01 10:50:55'),(77,14,29,'Unica','SILBATO CON CADENA',2.01,2.08,NULL,1,10,NULL,'2021-02-01 10:50:55'),(78,14,41,'XL','CAZADORA',153.10,157.70,NULL,1,10,NULL,'2021-02-01 10:50:55'),(79,14,34,'44','BOTA DE FAENA',112.81,116.20,NULL,1,10,NULL,'2021-02-01 10:50:55'),(80,14,60,'XL','POLO CAMISERO MANGA CORTA',30.62,31.54,NULL,1,10,NULL,'2021-02-01 10:50:55'),(81,14,58,'42','PANTALON FAENA',48.34,49.80,NULL,2,10,NULL,'2021-02-01 10:50:55'),(82,14,38,'G','GORRA FAENA',16.11,16.60,NULL,1,10,NULL,'2021-02-01 10:50:55'),(83,25,11,'Unica','FUNDA GRILLETES',14.22,14.65,NULL,1,11,NULL,'2021-02-01 11:13:33'),(84,25,57,'XL','CAMISETA INTERIOR',8.05,8.30,NULL,2,11,NULL,'2021-02-01 11:13:33'),(85,25,33,'44','BOTA CRISPI',225.63,232.40,NULL,1,11,NULL,'2021-02-01 11:13:33'),(86,25,7,'XL','CINTURON POLICIAL',22.56,23.24,NULL,1,11,NULL,'2021-02-01 11:13:33'),(87,25,18,'XL','GUANTE ANTICORTE',33.03,34.03,NULL,1,11,NULL,'2021-02-01 11:13:33'),(89,25,1,'Unica','BOLSO TACTICO POLICIAL',47.67,49.11,NULL,1,11,NULL,'2021-02-01 11:13:33'),(90,25,19,'XL','GUANTE MOTORISTA',40.29,41.50,NULL,1,11,NULL,'2021-02-01 11:13:33'),(91,25,30,'44','CALCETIN PARA BOTAS',4.83,4.98,NULL,2,11,NULL,'2021-02-01 11:13:33'),(92,25,38,'M','GORRA FAENA',16.11,16.60,NULL,1,11,NULL,'2021-02-01 11:13:33'),(93,25,60,'XL','POLO CAMISERO MANGA CORTA',30.62,31.54,NULL,2,11,NULL,'2021-02-01 11:13:33'),(94,25,58,'46','PANTALON FAENA',48.34,49.80,NULL,2,11,NULL,'2021-02-01 11:13:33'),(95,25,4,'M','CASCO MOTORISTA',362.62,373.50,NULL,1,11,NULL,'2021-02-01 11:13:33'),(96,25,55,'46','PANTALON BIELASTICO MOTO',72.52,74.70,NULL,1,11,NULL,'2021-02-01 11:13:33'),(97,25,35,'44','BOTA MOTORISTA',161.16,166.00,NULL,1,11,NULL,'2021-02-01 11:13:33'),(98,25,54,'2XL','CHAQUETA DE MOTO INVIERNO',273.98,282.20,NULL,1,11,NULL,'2021-02-01 11:13:33'),(99,25,39,'M','GORRA MOTO',32.23,33.20,NULL,1,11,NULL,'2021-02-01 11:13:33'),(100,39,31,'45','CALCETINES NEGROS PARA ZAPATOS',3.22,3.32,NULL,1,12,NULL,'2021-02-01 11:19:41'),(101,39,1,'Unica','BOLSO TACTICO POLICIAL',47.67,49.11,NULL,1,12,NULL,'2021-02-01 11:19:41'),(102,39,28,'Unica','PORTAGUANTES ANTICORTE',4.02,4.15,NULL,1,12,NULL,'2021-02-01 11:19:41'),(103,39,18,'2XL','GUANTE ANTICORTE',33.03,34.03,NULL,1,12,NULL,'2021-02-01 11:19:41'),(104,39,57,'L','CAMISETA INTERIOR',8.05,8.30,NULL,4,12,NULL,'2021-02-01 11:19:41'),(105,39,30,'45','CALCETIN PARA BOTAS',4.83,4.98,NULL,3,12,NULL,'2021-02-01 11:19:41'),(106,39,60,'XL','POLO CAMISERO MANGA CORTA',30.62,31.54,NULL,2,12,NULL,'2021-02-01 11:19:41'),(107,39,58,'46','PANTALON FAENA',48.34,49.80,NULL,2,12,NULL,'2021-02-01 11:19:41'),(108,39,7,'XL','CINTURON POLICIAL',22.56,23.24,NULL,1,12,NULL,'2021-02-01 11:19:41'),(109,39,41,'2XL','CAZADORA',153.10,157.70,NULL,1,12,NULL,'2021-02-01 11:19:41'),(110,39,34,'45','BOTA DE FAENA',112.81,116.20,NULL,1,12,NULL,'2021-02-01 11:19:41'),(111,19,26,'Unica','PLACA PARA CARTERA',2.41,2.49,NULL,1,13,NULL,'2021-02-02 08:49:45'),(112,19,31,'45','CALCETINES NEGROS PARA ZAPATOS',3.22,3.32,NULL,2,13,NULL,'2021-02-02 08:49:45'),(113,19,15,'Unica','GANCHO PORTA CASCO',5.64,5.81,NULL,1,13,NULL,'2021-02-02 08:49:45'),(114,19,28,'Unica','PORTAGUANTES ANTICORTE',4.02,4.15,NULL,1,13,NULL,'2021-02-02 08:49:45'),(115,19,18,'L','GUANTE ANTICORTE',33.03,34.03,NULL,1,13,NULL,'2021-02-02 08:49:45'),(116,19,56,'M','CAMISETA ANTICORTE',96.69,99.60,NULL,1,13,NULL,'2021-02-02 08:49:45'),(117,19,41,'L','CAZADORA',153.10,157.70,NULL,1,13,NULL,'2021-02-02 08:49:45'),(118,19,38,'M','GORRA FAENA',16.11,16.60,NULL,1,13,NULL,'2021-02-02 08:49:45'),(119,19,32,'45','BOTA AGUA',24.17,24.90,NULL,1,13,NULL,'2021-02-02 08:49:45'),(120,19,30,'45','CALCETIN PARA BOTAS',4.83,4.98,NULL,3,13,NULL,'2021-02-02 08:49:45'),(121,19,2,'Unica','CARTERA PORTADOCUMENTOS',18.53,19.09,NULL,1,13,NULL,'2021-02-02 08:49:45'),(122,19,57,'M','CAMISETA INTERIOR',8.05,8.30,NULL,3,13,NULL,'2021-02-02 08:49:45'),(123,19,58,'42','PANTALON FAENA',48.34,49.80,NULL,2,13,NULL,'2021-02-02 08:49:45'),(124,19,14,'Unica','SPRAY DE AUTODEFENSA',22.57,23.25,NULL,1,13,NULL,'2021-02-02 08:49:45'),(125,19,60,'M','POLO CAMISERO MANGA CORTA',30.62,31.54,NULL,2,13,NULL,'2021-02-02 08:49:45'),(126,6,27,'Unica','LINTERNA CON FUNDA',156.87,161.58,NULL,1,14,NULL,'2021-02-02 09:11:55'),(127,6,11,'Unica','FUNDA GRILLETES',14.22,14.65,NULL,1,14,NULL,'2021-02-02 09:11:55'),(128,6,13,'Unica','FUNDA SPRAY',6.12,6.31,NULL,1,14,NULL,'2021-02-02 09:11:55'),(130,6,15,'Unica','GANCHO PORTA CASCO',5.64,5.81,NULL,1,14,NULL,'2021-02-02 09:11:55'),(131,6,30,'44','CALCETIN PARA BOTAS',4.83,4.98,NULL,3,14,NULL,'2021-02-02 09:11:55'),(132,6,58,'44','PANTALON FAENA',48.34,49.80,NULL,2,14,NULL,'2021-02-02 09:11:55'),(133,6,41,'L','CAZADORA',153.10,157.70,NULL,1,14,NULL,'2021-02-02 09:11:55'),(134,6,32,'43','BOTA AGUA',24.17,24.90,NULL,1,14,NULL,'2021-02-02 09:11:55'),(135,6,60,'L','POLO CAMISERO MANGA CORTA',30.62,31.54,NULL,2,14,NULL,'2021-02-02 09:11:55'),(136,6,10,'Unica','FUNDA DEFENSA EXTENSIBLE',16.93,17.44,NULL,1,14,NULL,'2021-02-02 09:11:55'),(137,6,14,'Unica','SPRAY DE AUTODEFENSA',22.57,23.25,NULL,1,14,NULL,'2021-02-02 09:11:55'),(138,45,31,'40','CALCETINES NEGROS PARA ZAPATOS',3.22,3.32,NULL,3,15,NULL,'2021-02-02 09:43:23'),(139,45,41,'L','CAZADORA',153.10,157.70,NULL,1,15,NULL,'2021-02-02 09:43:23'),(140,45,28,'Unica','PORTAGUANTES ANTICORTE',4.02,4.15,NULL,1,15,NULL,'2021-02-02 09:43:23'),(141,45,43,'L','IMPERMEABLE',112.81,116.20,NULL,1,15,NULL,'2021-02-02 09:43:23'),(142,45,18,'L','GUANTE ANTICORTE',33.03,34.03,NULL,1,15,NULL,'2021-02-02 09:43:23'),(143,45,30,'40','CALCETIN PARA BOTAS',4.83,4.98,NULL,5,15,NULL,'2021-02-02 09:43:23'),(144,45,13,'Unica','FUNDA SPRAY',6.12,6.31,NULL,1,15,NULL,'2021-02-02 09:43:23'),(145,45,14,'Unica','SPRAY DE AUTODEFENSA',22.57,23.25,NULL,1,15,NULL,'2021-02-02 09:43:23'),(146,45,60,'M','POLO CAMISERO MANGA CORTA',30.62,31.54,NULL,2,15,NULL,'2021-02-02 09:43:23'),(147,45,58,'40','PANTALON FAENA',48.34,49.80,NULL,2,15,NULL,'2021-02-02 09:43:23'),(148,45,38,'M','GORRA FAENA',16.11,16.60,NULL,1,15,NULL,'2021-02-02 09:43:23'),(149,45,57,'M','CAMISETA INTERIOR',8.05,8.30,NULL,5,15,NULL,'2021-02-02 09:43:23'),(150,45,29,'Unica','SILBATO CON CADENA',2.01,2.08,NULL,1,15,NULL,'2021-02-02 09:43:23'),(151,9,56,'L','CAMISETA ANTICORTE',96.69,99.60,NULL,1,16,NULL,'2021-02-02 09:48:17'),(152,9,7,'L','CINTURON POLICIAL',22.56,23.24,NULL,1,16,NULL,'2021-02-02 09:48:17'),(153,9,32,'41','BOTA AGUA',24.17,24.90,NULL,1,16,NULL,'2021-02-02 09:48:17'),(154,9,13,'Unica','FUNDA SPRAY',6.12,6.31,NULL,1,16,NULL,'2021-02-02 09:48:17'),(155,9,30,'41','CALCETIN PARA BOTAS',4.83,4.98,NULL,4,16,NULL,'2021-02-02 09:48:17'),(156,9,28,'Unica','PORTAGUANTES ANTICORTE',4.02,4.15,NULL,1,16,NULL,'2021-02-02 09:48:17'),(157,9,18,'M','GUANTE ANTICORTE',33.03,34.03,NULL,1,16,NULL,'2021-02-02 09:48:17'),(158,9,61,'L','POLO MANGA LARGA',40.29,41.50,NULL,1,16,NULL,'2021-02-02 09:48:17'),(159,9,58,'44','PANTALON FAENA',48.34,49.80,NULL,2,16,NULL,'2021-02-02 09:48:17'),(160,9,60,'L','POLO CAMISERO MANGA CORTA',30.62,31.54,NULL,2,16,NULL,'2021-02-02 09:48:17'),(161,9,14,'Unica','SPRAY DE AUTODEFENSA',22.57,23.25,NULL,1,16,NULL,'2021-02-02 09:48:17'),(162,9,41,'L','CAZADORA',153.10,157.70,NULL,1,16,NULL,'2021-02-02 09:48:17'),(163,38,57,'XL','CAMISETA INTERIOR',8.05,8.30,NULL,4,17,NULL,'2021-02-02 09:53:20'),(164,38,30,'44','CALCETIN PARA BOTAS',4.83,4.98,NULL,3,17,NULL,'2021-02-02 09:53:20'),(165,38,41,'XL','CAZADORA',153.10,157.70,NULL,1,17,NULL,'2021-02-02 09:53:20'),(166,38,56,'XL','CAMISETA ANTICORTE',96.69,99.60,NULL,1,17,NULL,'2021-02-02 09:53:20'),(167,38,9,'Derecha','FUNDA DE ARMA',71.96,74.12,NULL,1,17,NULL,'2021-02-02 09:53:20'),(168,38,29,'Unica','SILBATO CON CADENA',2.01,2.08,NULL,1,17,NULL,'2021-02-02 09:53:20'),(169,38,60,'XL','POLO CAMISERO MANGA CORTA',30.62,31.54,NULL,3,17,NULL,'2021-02-02 09:53:20'),(170,38,58,'46','PANTALON FAENA',48.34,49.80,NULL,2,17,NULL,'2021-02-02 09:53:20'),(171,38,7,'XL','CINTURON POLICIAL',22.56,23.24,NULL,1,17,NULL,'2021-02-02 09:53:20'),(172,16,15,'Unica','GANCHO PORTA CASCO',5.64,5.81,NULL,1,18,NULL,'2021-02-02 10:01:26'),(173,16,21,'Unica','DISTINTIVO DE BRAZO MUNICIPAL',3.63,3.74,NULL,1,18,NULL,'2021-02-02 10:01:26'),(174,16,42,'L','CAZADORA POLAR',96.69,99.60,NULL,1,18,NULL,'2021-02-02 10:01:26'),(175,16,7,'L','CINTURON POLICIAL',22.56,23.24,NULL,1,18,NULL,'2021-02-02 10:01:26'),(176,16,2,'Unica','CARTERA PORTADOCUMENTOS',18.53,19.09,NULL,1,18,NULL,'2021-02-02 10:01:26'),(177,16,30,'44','CALCETIN PARA BOTAS',4.83,4.98,NULL,2,18,NULL,'2021-02-02 10:01:26'),(178,16,58,'44','PANTALON FAENA',48.34,49.80,NULL,2,18,NULL,'2021-02-02 10:01:26'),(179,16,44,'44','PANTALON IMPERMEABLE',64.46,66.40,NULL,1,18,NULL,'2021-02-02 10:01:26'),(180,16,61,'L','POLO MANGA LARGA',40.29,41.50,NULL,1,18,NULL,'2021-02-02 10:01:26'),(181,16,60,'L','POLO CAMISERO MANGA CORTA',30.62,31.54,NULL,2,18,NULL,'2021-02-02 10:01:26'),(182,16,38,'G','GORRA FAENA',16.11,16.60,NULL,1,18,NULL,'2021-02-02 10:01:26'),(183,16,26,'Unica','PLACA PARA CARTERA',2.41,2.49,NULL,1,18,NULL,'2021-02-02 10:01:26'),(184,16,24,'Unica','PLACA DE PLASTICO',2.41,2.49,NULL,3,18,NULL,'2021-02-02 10:01:26'),(185,16,43,'L','IMPERMEABLE',112.81,116.20,NULL,1,18,NULL,'2021-02-02 10:01:26'),(186,16,32,'44','BOTA AGUA',24.17,24.90,NULL,1,18,NULL,'2021-02-02 10:01:26'),(187,44,1,'Unica','BOLSO TACTICO POLICIAL',47.67,49.11,NULL,1,19,NULL,'2021-02-02 10:04:09'),(188,44,33,'46','BOTA CRISPI',225.63,232.40,NULL,1,19,NULL,'2021-02-02 10:04:09'),(189,44,58,'48','PANTALON FAENA',48.34,49.80,NULL,2,19,NULL,'2021-02-02 10:04:09'),(190,44,61,'2XL','POLO MANGA LARGA',40.29,41.50,NULL,2,19,NULL,'2021-02-02 10:04:09'),(191,44,60,'2XL','POLO CAMISERO MANGA CORTA',30.62,31.54,NULL,2,19,NULL,'2021-02-02 10:04:09'),(192,44,57,'XL','CAMISETA INTERIOR',8.05,8.30,NULL,5,19,NULL,'2021-02-02 10:04:09'),(193,44,30,'46','CALCETIN PARA BOTAS',4.83,4.98,NULL,6,19,NULL,'2021-02-02 10:04:09'),(194,10,33,'44','BOTA CRISPI',225.63,232.40,NULL,1,20,NULL,'2021-02-02 10:06:31'),(195,10,30,'44','CALCETIN PARA BOTAS',4.83,4.98,NULL,1,20,NULL,'2021-02-02 10:06:31'),(196,10,42,'XL','CAZADORA POLAR',96.69,99.60,NULL,1,20,NULL,'2021-02-02 10:06:31'),(197,10,1,'Unica','BOLSO TACTICO POLICIAL',47.67,49.11,NULL,1,20,NULL,'2021-02-02 10:06:31'),(198,10,60,'XL','POLO CAMISERO MANGA CORTA',30.62,31.54,NULL,2,20,NULL,'2021-02-02 10:06:31'),(199,10,57,'XL','CAMISETA INTERIOR',8.05,8.30,NULL,6,20,NULL,'2021-02-02 10:06:31'),(200,10,58,'54','PANTALON FAENA',48.34,49.80,NULL,2,20,NULL,'2021-02-02 10:06:31'),(201,22,14,'Unica','SPRAY DE AUTODEFENSA',22.57,23.25,NULL,2,21,NULL,'2021-02-02 10:09:24'),(202,22,1,'Unica','BOLSO TACTICO POLICIAL',47.67,49.11,NULL,1,21,NULL,'2021-02-02 10:09:24'),(203,22,57,'M','CAMISETA INTERIOR',8.05,8.30,NULL,4,21,NULL,'2021-02-02 10:09:24'),(204,22,43,'XL','IMPERMEABLE',112.81,116.20,NULL,1,21,NULL,'2021-02-02 10:09:24'),(205,22,27,'Unica','LINTERNA CON FUNDA',156.87,161.58,NULL,1,21,NULL,'2021-02-02 10:09:24'),(206,22,30,'43','CALCETIN PARA BOTAS',4.83,4.98,NULL,3,21,NULL,'2021-02-02 10:09:24'),(207,22,60,'M','POLO CAMISERO MANGA CORTA',30.62,31.54,NULL,2,21,NULL,'2021-02-02 10:09:24'),(208,22,58,'44','PANTALON FAENA',48.34,49.80,NULL,2,21,NULL,'2021-02-02 10:09:24'),(211,42,4,'M','CASCO MOTORISTA',362.62,373.50,NULL,1,22,NULL,'2021-02-02 10:31:15'),(212,42,60,'M','POLO CAMISERO MANGA CORTA',30.62,31.54,NULL,2,22,NULL,'2021-02-02 10:31:15'),(213,42,58,'44','PANTALON FAENA',48.34,49.80,NULL,1,22,NULL,'2021-02-02 10:31:15'),(214,42,41,'M','CAZADORA',153.10,157.70,NULL,1,22,NULL,'2021-02-02 10:31:15'),(217,42,33,'44','BOTA CRISPI',225.63,232.40,NULL,1,22,NULL,'2021-02-02 10:31:15'),(218,42,35,'44','BOTA MOTORISTA',161.16,166.00,NULL,1,22,NULL,'2021-02-02 10:31:15'),(219,42,55,'44','PANTALON BIELASTICO MOTO',72.52,74.70,NULL,2,22,NULL,'2021-02-02 10:31:15'),(220,42,39,'M','GORRA MOTO',32.23,33.20,NULL,1,22,NULL,'2021-02-02 10:31:15'),(222,42,43,'L','IMPERMEABLE',112.81,116.20,NULL,1,22,NULL,'2021-02-02 10:31:15'),(223,42,30,'44','CALCETIN PARA BOTAS',4.83,4.98,NULL,1,22,NULL,'2021-02-02 10:31:15'),(224,42,54,'M','CHAQUETA DE MOTO INVIERNO',273.98,282.20,NULL,1,22,NULL,'2021-02-02 10:31:15'),(229,41,57,'M','CAMISETA INTERIOR',8.05,8.30,NULL,4,23,NULL,'2021-02-02 10:36:10'),(230,41,29,'Unica','SILBATO CON CADENA',2.01,2.08,NULL,1,23,NULL,'2021-02-02 10:36:10'),(231,41,13,'Unica','FUNDA SPRAY',6.12,6.31,NULL,1,23,NULL,'2021-02-02 10:36:10'),(232,41,14,'Unica','SPRAY DE AUTODEFENSA',22.57,23.25,NULL,1,23,NULL,'2021-02-02 10:36:10'),(233,41,1,'Unica','BOLSO TACTICO POLICIAL',47.67,49.11,NULL,1,23,NULL,'2021-02-02 10:36:10'),(234,41,44,'42','PANTALON IMPERMEABLE',64.46,66.40,NULL,1,23,NULL,'2021-02-02 10:36:10'),(235,41,36,'43','ZAPATILLA CRISPI',161.16,166.00,NULL,1,23,NULL,'2021-02-02 10:36:10'),(236,41,61,'M','POLO MANGA LARGA',40.29,41.50,NULL,1,23,NULL,'2021-02-02 10:36:10'),(237,41,60,'M','POLO CAMISERO MANGA CORTA',30.62,31.54,NULL,2,23,NULL,'2021-02-02 10:36:10'),(238,41,58,'42','PANTALON FAENA',48.34,49.80,NULL,3,23,NULL,'2021-02-02 10:36:10'),(239,27,29,'Unica','SILBATO CON CADENA',2.01,2.08,NULL,1,24,NULL,'2021-02-02 10:39:57'),(240,27,12,'Unica','FUNDA GRILLETES TCH ULTIMATE',22.56,23.24,NULL,1,24,NULL,'2021-02-02 10:39:57'),(241,27,31,'41','CALCETINES NEGROS PARA ZAPATOS',3.22,3.32,NULL,1,24,NULL,'2021-02-02 10:39:57'),(242,27,30,'41','CALCETIN PARA BOTAS',4.83,4.98,NULL,2,24,NULL,'2021-02-02 10:39:57'),(243,27,44,'44','PANTALON IMPERMEABLE',64.46,66.40,NULL,1,24,NULL,'2021-02-02 10:39:57'),(244,27,41,'L','CAZADORA',153.10,157.70,NULL,1,24,NULL,'2021-02-02 10:39:57'),(245,27,57,'M','CAMISETA INTERIOR',8.05,8.30,NULL,2,24,NULL,'2021-02-02 10:39:57'),(246,27,61,'L','POLO MANGA LARGA',40.29,41.50,NULL,1,24,NULL,'2021-02-02 10:39:57'),(247,27,60,'L','POLO CAMISERO MANGA CORTA',30.62,31.54,NULL,2,24,NULL,'2021-02-02 10:39:57'),(248,27,58,'44','PANTALON FAENA',48.34,49.80,NULL,2,24,NULL,'2021-02-02 10:39:57'),(249,27,34,'41','BOTA DE FAENA',112.81,116.20,NULL,1,24,NULL,'2021-02-02 10:39:57'),(250,34,19,'M','GUANTE MOTORISTA',40.29,41.50,NULL,1,25,NULL,'2021-02-02 10:43:16'),(251,34,55,'40','PANTALON BIELASTICO MOTO',72.52,74.70,NULL,1,25,NULL,'2021-02-02 10:43:16'),(252,34,35,'42','BOTA MOTORISTA',161.16,166.00,NULL,1,25,NULL,'2021-02-02 10:43:16'),(253,34,31,'42','CALCETINES NEGROS PARA ZAPATOS',3.22,3.32,NULL,1,25,NULL,'2021-02-02 10:43:16'),(254,34,38,'S','GORRA FAENA',16.11,16.60,NULL,1,25,NULL,'2021-02-02 10:43:16'),(255,34,57,'S','CAMISETA INTERIOR',8.05,8.30,NULL,2,25,NULL,'2021-02-02 10:43:16'),(256,34,29,'Unica','SILBATO CON CADENA',2.01,2.08,NULL,1,25,NULL,'2021-02-02 10:43:16'),(257,34,30,'42','CALCETIN PARA BOTAS',4.83,4.98,NULL,3,25,NULL,'2021-02-02 10:43:16'),(258,34,40,'M','ANORAK',259.47,267.26,NULL,1,25,NULL,'2021-02-02 10:43:16'),(259,34,58,'40','PANTALON FAENA',48.34,49.80,NULL,2,25,NULL,'2021-02-02 10:43:16'),(260,34,60,'S','POLO CAMISERO MANGA CORTA',30.62,31.54,NULL,2,25,NULL,'2021-02-02 10:43:16'),(261,34,34,'42','BOTA DE FAENA',112.81,116.20,NULL,1,25,NULL,'2021-02-02 10:43:16'),(262,31,30,'41','CALCETIN PARA BOTAS',4.83,4.98,NULL,1,26,NULL,'2021-02-02 10:45:30'),(263,31,57,'L','CAMISETA INTERIOR',8.05,8.30,NULL,5,26,NULL,'2021-02-02 10:45:30'),(264,31,33,'41','BOTA CRISPI',225.63,232.40,NULL,1,26,NULL,'2021-02-02 10:45:30'),(265,31,41,'L','CAZADORA',153.10,157.70,NULL,1,26,NULL,'2021-02-02 10:45:30'),(266,31,58,'38','PANTALON FAENA',48.34,49.80,NULL,2,26,NULL,'2021-02-02 10:45:30'),(267,31,60,'L','POLO CAMISERO MANGA CORTA',30.62,31.54,NULL,2,26,NULL,'2021-02-02 10:45:30'),(268,7,29,'Unica','SILBATO CON CADENA',2.01,2.08,NULL,1,27,NULL,'2021-02-02 10:48:54'),(269,7,34,'42','BOTA DE FAENA',112.81,116.20,NULL,1,27,NULL,'2021-02-02 10:48:54'),(270,7,27,'Unica','LINTERNA CON FUNDA',156.87,161.58,NULL,1,27,NULL,'2021-02-02 10:48:54'),(271,7,44,'54','PANTALON IMPERMEABLE',64.46,66.40,NULL,1,27,NULL,'2021-02-02 10:48:54'),(272,7,43,'3XL','IMPERMEABLE',112.81,116.20,NULL,1,27,NULL,'2021-02-02 10:48:54'),(273,7,60,'XL','POLO CAMISERO MANGA CORTA',30.62,31.54,NULL,2,27,NULL,'2021-02-02 10:48:54'),(274,7,58,'52','PANTALON FAENA',48.34,49.80,NULL,1,27,NULL,'2021-02-02 10:48:54'),(275,7,22,'Policia','GALONES DE PECHO',2.82,2.91,NULL,1,27,NULL,'2021-02-02 10:48:54'),(276,7,38,'M','GORRA FAENA',16.11,16.60,NULL,1,27,NULL,'2021-02-02 10:48:54'),(277,7,21,'Unica','DISTINTIVO DE BRAZO MUNICIPAL',3.63,3.74,NULL,1,27,NULL,'2021-02-02 10:48:54'),(278,12,57,'S','CAMISETA INTERIOR',8.05,8.30,NULL,2,28,NULL,'2021-02-02 10:51:06'),(279,12,60,'S','POLO CAMISERO MANGA CORTA',30.62,31.54,NULL,1,28,NULL,'2021-02-02 10:51:06'),(280,12,60,'M','POLO CAMISERO MANGA CORTA',30.62,31.54,NULL,1,28,NULL,'2021-02-02 10:51:06'),(281,12,58,'42','PANTALON FAENA',48.34,49.80,NULL,1,28,NULL,'2021-02-02 10:51:06'),(282,12,58,'40','PANTALON FAENA',48.34,49.80,NULL,1,28,NULL,'2021-02-02 10:51:06'),(283,12,18,'M','GUANTE ANTICORTE',33.03,34.03,NULL,1,28,NULL,'2021-02-02 10:51:06'),(284,12,42,'M','CAZADORA POLAR',96.69,99.60,NULL,1,28,NULL,'2021-02-02 10:51:06'),(285,12,33,'41','BOTA CRISPI',225.63,232.40,NULL,1,28,NULL,'2021-02-02 10:51:06'),(286,12,1,'Unica','BOLSO TACTICO POLICIAL',47.67,49.11,NULL,1,28,NULL,'2021-02-02 10:51:06'),(287,18,21,'Unica','DISTINTIVO DE BRAZO MUNICIPAL',3.63,3.74,NULL,1,29,NULL,'2021-02-02 10:53:19'),(288,18,24,'Unica','PLACA DE PLASTICO',2.41,2.49,NULL,3,29,NULL,'2021-02-02 10:53:19'),(289,18,32,'41','BOTA AGUA',24.17,24.90,NULL,1,29,NULL,'2021-02-02 10:53:19'),(290,18,44,'40','PANTALON IMPERMEABLE',64.46,66.40,NULL,1,29,NULL,'2021-02-02 10:53:19'),(291,18,40,'M','ANORAK',259.47,267.26,NULL,1,29,NULL,'2021-02-02 10:53:19'),(292,33,11,'Unica','FUNDA GRILLETES',14.22,14.65,NULL,1,30,NULL,'2021-02-02 10:56:18'),(293,33,22,'Policia','GALONES DE PECHO',2.82,2.91,NULL,4,30,NULL,'2021-02-02 10:56:18'),(294,33,7,'2XL','CINTURON POLICIAL',22.56,23.24,NULL,1,30,NULL,'2021-02-02 10:56:18'),(295,33,14,'Unica','SPRAY DE AUTODEFENSA',22.57,23.25,NULL,1,30,NULL,'2021-02-02 10:56:18'),(296,33,18,'2XL','GUANTE ANTICORTE',33.03,34.03,NULL,1,30,NULL,'2021-02-02 10:56:18'),(297,33,57,'2XL','CAMISETA INTERIOR',8.05,8.30,NULL,4,30,NULL,'2021-02-02 10:56:18'),(298,33,38,'SG','GORRA FAENA',16.11,16.60,NULL,1,30,NULL,'2021-02-02 10:56:18'),(299,33,34,'45','BOTA DE FAENA',112.81,116.20,NULL,1,30,NULL,'2021-02-02 10:56:18'),(300,33,41,'2XL','CAZADORA',153.10,157.70,NULL,1,30,NULL,'2021-02-02 10:56:18'),(301,33,58,'48','PANTALON FAENA',48.34,49.80,NULL,2,30,NULL,'2021-02-02 10:56:18'),(302,33,60,'2XL','POLO CAMISERO MANGA CORTA',30.62,31.54,NULL,2,30,NULL,'2021-02-02 10:56:18'),(303,11,42,'XL','CAZADORA POLAR',96.69,99.60,NULL,1,31,NULL,'2021-02-02 10:58:37'),(304,11,43,'XL','IMPERMEABLE',112.81,116.20,NULL,1,31,NULL,'2021-02-02 10:58:37'),(305,11,58,'48','PANTALON FAENA',48.34,49.80,NULL,2,31,NULL,'2021-02-02 10:58:37'),(306,11,60,'L','POLO CAMISERO MANGA CORTA',30.62,31.54,NULL,2,31,NULL,'2021-02-02 10:58:37'),(307,11,30,'42','CALCETIN PARA BOTAS',4.83,4.98,NULL,3,31,NULL,'2021-02-02 10:58:37'),(308,11,57,'L','CAMISETA INTERIOR',8.05,8.30,NULL,3,31,NULL,'2021-02-02 10:58:37'),(309,11,9,'Derecha','FUNDA DE ARMA',71.96,74.12,NULL,1,31,NULL,'2021-02-02 10:58:37'),(310,40,18,'M','GUANTE ANTICORTE',33.03,34.03,NULL,1,32,NULL,'2021-02-02 11:02:34'),(311,40,38,'S','GORRA FAENA',16.11,16.60,NULL,1,32,NULL,'2021-02-02 11:02:34'),(312,40,29,'Unica','SILBATO CON CADENA',2.01,2.08,NULL,1,32,NULL,'2021-02-02 11:02:34'),(313,40,30,'42','CALCETIN PARA BOTAS',4.83,4.98,NULL,2,32,NULL,'2021-02-02 11:02:34'),(314,40,58,'42','PANTALON FAENA',48.34,49.80,NULL,2,32,NULL,'2021-02-02 11:02:34'),(315,40,60,'S','POLO CAMISERO MANGA CORTA',30.62,31.54,NULL,2,32,NULL,'2021-02-02 11:02:34'),(316,40,40,'M','ANORAK',259.47,267.26,NULL,1,32,NULL,'2021-02-02 11:02:34'),(317,40,61,'S','POLO MANGA LARGA',40.29,41.50,NULL,2,32,NULL,'2021-02-02 11:02:34'),(318,40,57,'S','CAMISETA INTERIOR',8.05,8.30,NULL,3,32,NULL,'2021-02-02 11:02:34'),(319,17,24,'Unica','PLACA DE PLASTICO',2.41,2.49,NULL,3,33,NULL,'2021-02-02 11:04:06'),(320,17,32,'43','BOTA AGUA',24.17,24.90,NULL,1,33,NULL,'2021-02-02 11:04:06'),(321,17,44,'44','PANTALON IMPERMEABLE',64.46,66.40,NULL,1,33,NULL,'2021-02-02 11:04:06'),(322,17,40,'L','ANORAK',259.47,267.26,NULL,1,33,NULL,'2021-02-02 11:04:06'),(323,15,30,'44','CALCETIN PARA BOTAS',4.83,4.98,NULL,2,34,NULL,'2021-02-02 11:06:10'),(324,15,60,'XS','POLO CAMISERO MANGA CORTA',30.62,31.54,NULL,2,34,NULL,'2021-02-02 11:06:10'),(325,15,58,'40','PANTALON FAENA',48.34,49.80,NULL,2,34,NULL,'2021-02-02 11:06:10'),(326,15,41,'S','CAZADORA',153.10,157.70,NULL,1,34,NULL,'2021-02-02 11:06:10'),(327,15,40,'S','ANORAK',259.47,267.26,NULL,1,34,NULL,'2021-02-02 11:06:10'),(328,28,19,'M','GUANTE MOTORISTA',40.29,41.50,NULL,1,35,NULL,'2021-02-02 13:03:31'),(329,28,55,'42','PANTALON BIELASTICO MOTO',72.52,74.70,NULL,1,35,NULL,'2021-02-02 13:03:31'),(330,28,35,'41','BOTA MOTORISTA',161.16,166.00,NULL,1,35,NULL,'2021-02-02 13:03:31'),(331,28,29,'Unica','SILBATO CON CADENA',2.01,2.08,NULL,1,35,NULL,'2021-02-02 13:03:31'),(332,28,13,'Unica','FUNDA SPRAY',6.12,6.31,NULL,1,35,NULL,'2021-02-02 13:03:31'),(333,28,14,'Unica','SPRAY DE AUTODEFENSA',22.57,23.25,NULL,1,35,NULL,'2021-02-02 13:03:31'),(334,28,27,'Unica','LINTERNA CON FUNDA',156.87,161.58,NULL,1,35,NULL,'2021-02-02 13:03:31'),(335,28,43,'L','IMPERMEABLE',112.81,116.20,NULL,1,35,NULL,'2021-02-02 13:03:31'),(336,28,41,'L','CAZADORA',153.10,157.70,NULL,1,35,NULL,'2021-02-02 13:03:31'),(337,28,58,'42','PANTALON FAENA',48.34,49.80,NULL,2,35,NULL,'2021-02-02 13:03:31'),(338,28,60,'L','POLO CAMISERO MANGA CORTA',30.62,31.54,NULL,1,35,NULL,'2021-02-02 13:03:31'),(339,5,1,'Unica','BOLSO TACTICO POLICIAL',47.67,49.11,NULL,1,36,NULL,'2021-02-02 13:06:51'),(340,5,18,'L','GUANTE ANTICORTE',33.03,34.03,NULL,1,36,NULL,'2021-02-02 13:06:51'),(341,5,43,'M','IMPERMEABLE',112.81,116.20,NULL,1,36,NULL,'2021-02-02 13:06:51'),(342,5,22,'Policia','GALONES DE PECHO',2.82,2.91,NULL,2,36,NULL,'2021-02-02 13:06:51'),(343,5,24,'Unica','PLACA DE PLASTICO',2.41,2.49,NULL,2,36,NULL,'2021-02-02 13:06:51'),(344,5,36,'42','ZAPATILLA CRISPI',161.16,166.00,NULL,1,36,NULL,'2021-02-02 13:06:51'),(345,5,14,'Unica','SPRAY DE AUTODEFENSA',22.57,23.25,NULL,1,36,NULL,'2021-02-02 13:06:51'),(346,5,61,'S','POLO MANGA LARGA',40.29,41.50,NULL,2,36,NULL,'2021-02-02 13:06:51'),(347,5,58,'40','PANTALON FAENA',48.34,49.80,NULL,2,36,NULL,'2021-02-02 13:06:51'),(348,5,38,'M','GORRA FAENA',16.11,16.60,NULL,1,36,NULL,'2021-02-02 13:06:51'),(349,21,41,'L','CAZADORA',153.10,157.70,NULL,1,37,NULL,'2021-02-02 13:09:27'),(350,21,58,'44','PANTALON FAENA',48.34,49.80,NULL,2,37,NULL,'2021-02-02 13:09:27'),(351,21,30,'42','CALCETIN PARA BOTAS',4.83,4.98,NULL,1,37,NULL,'2021-02-02 13:09:27'),(352,21,61,'L','POLO MANGA LARGA',40.29,41.50,NULL,1,37,NULL,'2021-02-02 13:09:27'),(353,21,60,'L','POLO CAMISERO MANGA CORTA',30.62,31.54,NULL,2,37,NULL,'2021-02-02 13:09:27'),(354,21,33,'43','BOTA CRISPI',225.63,232.40,NULL,1,37,NULL,'2021-02-02 13:09:27'),(355,24,31,'46','CALCETINES NEGROS PARA ZAPATOS',3.22,3.32,NULL,1,38,NULL,'2021-02-02 13:12:59'),(356,24,36,'45','ZAPATILLA CRISPI',161.16,166.00,NULL,1,38,NULL,'2021-02-02 13:12:59'),(357,24,43,'XL','IMPERMEABLE',112.81,116.20,NULL,1,38,NULL,'2021-02-02 13:12:59'),(358,24,57,'L','CAMISETA INTERIOR',8.05,8.30,NULL,2,38,NULL,'2021-02-02 13:12:59'),(359,24,30,'46','CALCETIN PARA BOTAS',4.83,4.98,NULL,2,38,NULL,'2021-02-02 13:12:59'),(360,24,60,'L','POLO CAMISERO MANGA CORTA',30.62,31.54,NULL,2,38,NULL,'2021-02-02 13:12:59'),(361,24,38,'M','GORRA FAENA',16.11,16.60,NULL,1,38,NULL,'2021-02-02 13:12:59'),(362,24,58,'44','PANTALON FAENA',48.34,49.80,NULL,1,38,NULL,'2021-02-02 13:12:59'),(363,24,41,'XL','CAZADORA',153.10,157.70,NULL,1,38,NULL,'2021-02-02 13:12:59'),(364,36,13,'Unica','FUNDA SPRAY',6.12,6.31,NULL,1,39,NULL,'2021-02-02 13:23:38'),(365,36,31,'43','CALCETINES NEGROS PARA ZAPATOS',3.22,3.32,NULL,3,39,NULL,'2021-02-02 13:23:38'),(366,36,57,'M','CAMISETA INTERIOR',8.05,8.30,NULL,4,39,NULL,'2021-02-02 13:23:38'),(367,36,61,'M','POLO MANGA LARGA',40.29,41.50,NULL,1,39,NULL,'2021-02-02 13:23:38'),(368,36,14,'Unica','SPRAY DE AUTODEFENSA',22.57,23.25,NULL,1,39,NULL,'2021-02-02 13:23:38'),(370,36,58,'42','PANTALON FAENA',48.34,49.80,NULL,2,39,NULL,'2021-02-02 13:23:38'),(371,36,41,'M','CAZADORA',153.10,157.70,NULL,1,39,NULL,'2021-02-02 13:23:38'),(372,36,36,'43','ZAPATILLA CRISPI',161.16,166.00,NULL,1,39,NULL,'2021-02-02 13:23:38'),(373,36,60,'M','POLO CAMISERO MANGA CORTA',30.62,31.54,NULL,2,39,NULL,'2021-02-02 13:23:38'),(374,13,26,'Unica','PLACA PARA CARTERA',2.41,2.49,NULL,1,40,NULL,'2021-02-02 13:27:42'),(375,13,57,'M','CAMISETA INTERIOR',8.05,8.30,NULL,1,40,NULL,'2021-02-02 13:27:42'),(376,13,15,'Unica','GANCHO PORTA CASCO',5.64,5.81,NULL,1,40,NULL,'2021-02-02 13:27:42'),(377,13,41,'M','CAZADORA',153.10,157.70,NULL,1,40,NULL,'2021-02-02 13:27:42'),(378,13,33,'43','BOTA CRISPI',225.63,232.40,NULL,1,40,NULL,'2021-02-02 13:27:42'),(379,13,61,'M','POLO MANGA LARGA',40.29,41.50,NULL,1,40,NULL,'2021-02-02 13:27:42'),(380,13,58,'42','PANTALON FAENA',48.34,49.80,NULL,1,40,NULL,'2021-02-02 13:27:42'),(381,13,58,'40','PANTALON FAENA',48.34,49.80,NULL,1,40,NULL,'2021-02-02 13:27:42'),(382,13,60,'M','POLO CAMISERO MANGA CORTA',30.62,31.54,NULL,1,40,NULL,'2021-02-02 13:27:42'),(383,30,7,'L','CINTURON POLICIAL',22.56,23.24,NULL,1,41,NULL,'2021-02-02 13:31:33'),(384,30,35,'42','BOTA MOTORISTA',161.16,166.00,NULL,1,41,NULL,'2021-02-02 13:31:33'),(385,30,55,'44','PANTALON BIELASTICO MOTO',72.52,74.70,NULL,2,41,NULL,'2021-02-02 13:31:33'),(386,30,58,'44','PANTALON FAENA',48.34,49.80,NULL,2,41,NULL,'2021-02-02 13:31:33'),(387,30,19,'XL','GUANTE MOTORISTA',40.29,41.50,NULL,1,41,NULL,'2021-02-02 13:31:33'),(388,30,60,'M','POLO CAMISERO MANGA CORTA',30.62,31.54,NULL,2,41,NULL,'2021-02-02 13:31:33'),(389,30,57,'M','CAMISETA INTERIOR',8.05,8.30,NULL,2,41,NULL,'2021-02-02 13:31:33'),(390,30,29,'Unica','SILBATO CON CADENA',2.01,2.08,NULL,1,41,NULL,'2021-02-02 13:31:33'),(391,30,38,'M','GORRA FAENA',16.11,16.60,NULL,1,41,NULL,'2021-02-02 13:31:33'),(392,30,43,'L','IMPERMEABLE',112.81,116.20,NULL,1,41,NULL,'2021-02-02 13:31:33'),(393,30,44,'44','PANTALON IMPERMEABLE',64.46,66.40,NULL,1,41,NULL,'2021-02-02 13:31:33'),(394,30,61,'L','POLO MANGA LARGA',40.29,41.50,NULL,2,41,NULL,'2021-02-02 13:31:33'),(395,30,54,'L','CHAQUETA DE MOTO INVIERNO',273.98,282.20,NULL,1,41,NULL,'2021-02-02 13:31:33'),(396,30,34,'42','BOTA DE FAENA',112.81,116.20,NULL,1,41,NULL,'2021-02-02 13:31:33'),(397,30,39,'M','GORRA MOTO',32.23,33.20,NULL,1,41,NULL,'2021-02-02 13:31:33'),(398,29,24,'Unica','PLACA DE PLASTICO',2.41,2.49,NULL,1,42,NULL,'2021-02-02 13:34:32'),(399,29,27,'Unica','LINTERNA CON FUNDA',156.87,161.58,NULL,1,42,NULL,'2021-02-02 13:34:32'),(400,29,31,'41','CALCETINES NEGROS PARA ZAPATOS',3.22,3.32,NULL,2,42,NULL,'2021-02-02 13:34:32'),(401,29,18,'M','GUANTE ANTICORTE',33.03,34.03,NULL,1,42,NULL,'2021-02-02 13:34:32'),(402,29,36,'41','ZAPATILLA CRISPI',161.16,166.00,NULL,1,42,NULL,'2021-02-02 13:34:32'),(403,29,60,'M','POLO CAMISERO MANGA CORTA',30.62,31.54,NULL,2,42,NULL,'2021-02-02 13:34:32'),(404,29,7,'L','CINTURON POLICIAL',22.56,23.24,NULL,1,42,NULL,'2021-02-02 13:34:32'),(405,29,2,'Unica','CARTERA PORTADOCUMENTOS',18.53,19.09,NULL,1,42,NULL,'2021-02-02 13:34:32'),(406,29,58,'44','PANTALON FAENA',48.34,49.80,NULL,2,42,NULL,'2021-02-02 13:34:32'),(407,43,27,'Unica','LINTERNA CON FUNDA',156.87,161.58,NULL,1,43,NULL,'2021-02-02 13:42:57'),(408,43,57,'L','CAMISETA INTERIOR',8.05,8.30,NULL,4,43,NULL,'2021-02-02 13:42:57'),(409,43,58,'42','PANTALON FAENA',48.34,49.80,NULL,1,43,NULL,'2021-02-02 13:42:57'),(410,43,38,'M','GORRA FAENA',16.11,16.60,NULL,1,43,NULL,'2021-02-02 13:42:57'),(411,43,35,'42','BOTA MOTORISTA',161.16,166.00,NULL,1,43,NULL,'2021-02-02 13:42:57'),(412,43,60,'L','POLO CAMISERO MANGA CORTA',30.62,31.54,NULL,2,43,NULL,'2021-02-02 13:42:57'),(413,43,55,'42','PANTALON BIELASTICO MOTO',72.52,74.70,NULL,2,43,NULL,'2021-02-02 13:42:57'),(414,43,6,'L','CHALECO REFLECTANTE',24.17,24.90,NULL,1,43,NULL,'2021-02-02 13:42:57'),(415,43,7,'L','CINTURON POLICIAL',22.56,23.24,NULL,1,43,NULL,'2021-02-02 13:42:57'),(416,43,19,'L','GUANTE MOTORISTA',40.29,41.50,NULL,1,43,NULL,'2021-02-02 13:42:57'),(417,43,13,'Unica','FUNDA SPRAY',6.12,6.31,NULL,1,43,NULL,'2021-02-02 13:42:57'),(418,43,14,'Unica','SPRAY DE AUTODEFENSA',22.57,23.25,NULL,1,43,NULL,'2021-02-02 13:42:57'),(419,43,4,'M','CASCO MOTORISTA',362.62,373.50,NULL,1,43,NULL,'2021-02-02 13:42:57'),(420,43,61,'L','POLO MANGA LARGA',40.29,41.50,NULL,1,43,NULL,'2021-02-02 13:42:57'),(421,43,30,'42','CALCETIN PARA BOTAS',4.83,4.98,NULL,2,43,NULL,'2021-02-02 13:42:57'),(422,43,58,'42','PANTALON FAENA',48.34,49.80,NULL,1,43,NULL,'2021-02-02 13:42:57'),(423,43,39,'M','GORRA MOTO',32.23,33.20,NULL,1,43,NULL,'2021-02-02 13:42:57'),(424,43,33,'42','BOTA CRISPI',225.63,232.40,NULL,1,43,NULL,'2021-02-02 13:42:57'),(426,26,30,'46','CALCETIN PARA BOTAS',4.83,4.98,NULL,1,44,NULL,'2021-02-02 13:48:42'),(427,26,18,'L','GUANTE ANTICORTE',33.03,34.03,NULL,1,44,NULL,'2021-02-02 13:48:42'),(428,26,14,'Unica','SPRAY DE AUTODEFENSA',22.57,23.25,NULL,1,44,NULL,'2021-02-02 13:48:42'),(429,26,40,'M','ANORAK',259.47,267.26,NULL,1,44,NULL,'2021-02-02 13:48:42'),(430,26,42,'M','CAZADORA POLAR',96.69,99.60,NULL,1,44,NULL,'2021-02-02 13:48:42'),(431,26,58,'44','PANTALON FAENA',48.34,49.80,NULL,2,44,NULL,'2021-02-02 13:48:42'),(432,26,60,'M','POLO CAMISERO MANGA CORTA',30.62,31.54,NULL,1,44,NULL,'2021-02-02 13:48:42'),(434,26,61,'M','POLO MANGA LARGA',40.29,41.50,NULL,1,44,NULL,'2021-02-02 13:48:42'),(435,26,57,'L','CAMISETA INTERIOR',8.05,8.30,NULL,1,44,NULL,'2021-02-02 13:48:42'),(436,37,26,'Unica','PLACA PARA CARTERA',2.41,2.49,NULL,1,45,NULL,'2021-02-02 13:52:03'),(437,37,30,'38','CALCETIN PARA BOTAS',4.83,4.98,NULL,3,45,NULL,'2021-02-02 13:52:03'),(438,37,41,'3XS','CAZADORA',153.10,157.70,NULL,1,45,NULL,'2021-02-02 13:52:03'),(439,37,61,'3XS','POLO MANGA LARGA',40.29,41.50,NULL,2,45,NULL,'2021-02-02 13:52:03'),(440,37,58,'36','PANTALON FAENA',48.34,49.80,'chica',2,45,NULL,'2021-02-02 13:52:03'),(442,37,33,'38','BOTA CRISPI',225.63,232.40,NULL,1,45,NULL,'2021-02-02 13:52:03'),(445,8,63,'41','ZAPATO',25.09,30.37,NULL,1,47,NULL,'2021-02-16 09:26:59'),(446,8,63,'43','ZAPATO',25.09,30.37,NULL,1,47,NULL,'2021-02-16 09:26:59'),(447,8,63,'44','ZAPATO',25.09,30.37,NULL,1,47,NULL,'2021-02-16 09:26:59'),(448,8,64,'S','ANORAK BICIOLOR',110.00,133.10,NULL,5,47,NULL,'2021-02-16 09:26:59'),(449,8,64,'M','ANORAK BICIOLOR',110.00,133.10,NULL,5,47,NULL,'2021-02-16 09:26:59'),(450,8,64,'L','ANORAK BICIOLOR',110.00,133.10,NULL,5,47,NULL,'2021-02-16 09:26:59'),(451,8,64,'XL','ANORAK BICIOLOR',110.00,133.10,NULL,5,47,NULL,'2021-02-16 09:26:59'),(452,8,64,'L','ANORAK BICIOLOR',110.00,133.10,NULL,2,47,NULL,'2021-02-16 09:26:59'),(453,8,64,'M','ANORAK BICIOLOR',110.00,133.10,NULL,2,47,NULL,'2021-02-16 09:26:59'),(454,8,64,'2XL','ANORAK BICIOLOR',110.00,133.10,NULL,1,47,NULL,'2021-02-16 09:26:59'),(455,8,77,'S','polo bicolor manga corta',24.79,30.00,NULL,7,47,NULL,'2021-02-16 09:26:59'),(456,8,77,'M','polo bicolor manga corta',24.79,30.00,NULL,5,47,NULL,'2021-02-16 09:26:59'),(457,8,77,'L','polo bicolor manga corta',24.79,30.00,NULL,5,47,NULL,'2021-02-16 09:26:59'),(458,8,77,'XL','polo bicolor manga corta',24.79,30.00,NULL,5,47,NULL,'2021-02-16 09:26:59'),(459,8,77,'L','polo bicolor manga corta',24.79,30.00,'Modelo JEFE DE SERVICIO, contactar con Moises',3,47,NULL,'2021-02-16 09:26:59'),(460,8,66,'L','CHALECO DE ABRIGO',30.00,36.30,'Modelo JEFE DE SERVICIO, contactar con Moises',1,47,NULL,'2021-02-16 09:26:59'),(461,8,78,'S','polo manga larga',25.62,31.00,NULL,5,47,NULL,'2021-02-16 09:26:59'),(462,8,78,'M','polo manga larga',25.62,31.00,NULL,5,47,NULL,'2021-02-16 09:26:59'),(463,8,78,'L','polo manga larga',25.62,31.00,'Modelo JEFE DE SERVICIO, contactar con Moisés',3,47,NULL,'2021-02-16 09:26:59'),(464,8,78,'L','polo manga larga',25.62,31.00,NULL,5,47,NULL,'2021-02-16 09:26:59'),(465,8,78,'XL','polo manga larga',25.62,31.00,NULL,7,47,NULL,'2021-02-16 09:26:59'),(466,8,64,'XL','ANORAK BICIOLOR',110.00,133.10,NULL,5,47,NULL,'2021-02-16 09:26:59'),(467,8,62,'37','BOTAS CAÑA MEDIA',40.00,48.40,NULL,2,48,NULL,'2021-02-16 09:30:34'),(468,8,62,'38','BOTAS CAÑA MEDIA',40.00,48.40,NULL,2,48,NULL,'2021-02-16 09:30:34'),(469,8,62,'39','BOTAS CAÑA MEDIA',40.00,48.40,NULL,2,48,NULL,'2021-02-16 09:30:34'),(470,8,62,'40','BOTAS CAÑA MEDIA',40.00,48.40,NULL,2,48,NULL,'2021-02-16 09:30:34'),(471,8,62,'41','BOTAS CAÑA MEDIA',40.00,48.40,NULL,2,48,NULL,'2021-02-16 09:30:34'),(472,8,62,'42','BOTAS CAÑA MEDIA',40.00,48.40,NULL,2,48,NULL,'2021-02-16 09:30:34'),(473,8,62,'43','BOTAS CAÑA MEDIA',40.00,48.40,NULL,1,48,NULL,'2021-02-16 09:30:34'),(474,8,62,'44','BOTAS CAÑA MEDIA',40.00,48.40,NULL,1,48,NULL,'2021-02-16 09:30:34'),(475,8,62,'45','BOTAS CAÑA MEDIA',40.00,48.40,NULL,1,48,NULL,'2021-02-16 09:30:34'),(476,8,68,'36','PANTALON MULTIBOLSILLOS',39.00,47.19,NULL,5,49,NULL,'2021-02-18 09:07:32'),(477,8,68,'38','PANTALON MULTIBOLSILLOS',39.00,47.19,NULL,5,49,NULL,'2021-02-18 09:07:32'),(478,8,68,'40','PANTALON MULTIBOLSILLOS',39.00,47.19,NULL,10,49,NULL,'2021-02-18 09:07:32'),(479,8,68,'44','PANTALON MULTIBOLSILLOS',39.00,47.19,NULL,5,49,NULL,'2021-02-18 09:07:32'),(480,8,68,'46','PANTALON MULTIBOLSILLOS',39.00,47.19,NULL,5,49,NULL,'2021-02-18 09:07:32'),(481,8,68,'48','PANTALON MULTIBOLSILLOS',39.00,47.19,NULL,5,49,NULL,'2021-02-18 09:07:32'),(482,8,68,'50','PANTALON MULTIBOLSILLOS',39.00,47.19,NULL,10,49,NULL,'2021-02-18 09:07:32'),(483,8,68,'52','PANTALON MULTIBOLSILLOS',39.00,47.19,NULL,5,49,NULL,'2021-02-18 09:07:32'),(484,8,67,'S','GORRA',12.00,12.52,NULL,3,49,NULL,'2021-02-18 09:07:32'),(485,8,67,'M','GORRA',12.00,12.52,NULL,5,49,NULL,'2021-02-18 09:07:32'),(486,8,67,'G','GORRA',12.00,12.52,NULL,12,49,NULL,'2021-02-18 09:07:32'),(487,8,65,'S','CAMISETA INTERIOR MANGA CORTA',6.00,7.26,NULL,15,49,NULL,'2021-02-18 09:07:32'),(488,8,65,'L','CAMISETA INTERIOR MANGA CORTA',6.00,7.26,NULL,5,49,NULL,'2021-02-18 09:07:32'),(491,101,86,'40','BOTA WOLF 8.0',83.00,100.43,NULL,3,50,NULL,'2021-04-19 09:07:56'),(492,101,86,'38','BOTA WOLF 8.0',83.00,100.43,NULL,1,50,NULL,'2021-04-19 09:07:56'),(493,101,86,'41','BOTA WOLF 8.0',83.00,100.43,NULL,1,50,NULL,'2021-04-19 09:07:56'),(494,101,86,'42','BOTA WOLF 8.0',83.00,100.43,NULL,6,50,NULL,'2021-04-19 09:07:56'),(495,101,86,'43','BOTA WOLF 8.0',83.00,100.43,NULL,5,50,NULL,'2021-04-19 09:07:56'),(496,101,86,'44','BOTA WOLF 8.0',83.00,100.43,NULL,8,50,NULL,'2021-04-19 09:07:56'),(497,101,86,'45','BOTA WOLF 8.0',83.00,100.43,NULL,4,50,NULL,'2021-04-19 09:07:56'),(498,101,86,'46','BOTA WOLF 8.0',83.00,100.43,NULL,2,50,NULL,'2021-04-19 09:07:56'),(499,101,86,'47','BOTA WOLF 8.0',83.00,100.43,NULL,2,50,NULL,'2021-04-19 09:07:56'),(500,101,85,'39','BOTA WOLF 6.0',83.00,100.43,NULL,1,50,NULL,'2021-04-19 09:07:56'),(501,101,85,'41','BOTA WOLF 6.0',83.00,100.43,NULL,4,50,NULL,'2021-04-19 09:07:56'),(502,101,85,'42','BOTA WOLF 6.0',83.00,100.43,NULL,3,50,NULL,'2021-04-19 09:07:56'),(503,101,85,'43','BOTA WOLF 6.0',83.00,100.43,NULL,5,50,NULL,'2021-04-19 09:07:56'),(504,101,85,'44','BOTA WOLF 6.0',83.00,100.43,NULL,2,50,NULL,'2021-04-19 09:07:56'),(505,101,85,'45','BOTA WOLF 6.0',83.00,100.43,NULL,3,50,NULL,'2021-04-19 09:07:56'),(506,101,85,'47','BOTA WOLF 6.0',83.00,100.43,NULL,1,50,NULL,'2021-04-19 09:07:56'),(507,101,84,'37','ZAPATILLA FOX3.0',83.00,100.43,NULL,1,50,NULL,'2021-04-19 09:07:56'),(508,101,84,'38','ZAPATILLA FOX3.0',83.00,100.43,NULL,1,50,NULL,'2021-04-19 09:07:56'),(509,101,84,'39','ZAPATILLA FOX3.0',83.00,100.43,NULL,1,50,NULL,'2021-04-19 09:07:56'),(510,101,84,'40','ZAPATILLA FOX3.0',83.00,100.43,NULL,1,50,NULL,'2021-04-19 09:07:56'),(511,101,84,'41','ZAPATILLA FOX3.0',83.00,100.43,NULL,1,50,NULL,'2021-04-19 09:07:56'),(512,101,84,'42','ZAPATILLA FOX3.0',83.00,100.43,NULL,11,50,NULL,'2021-04-19 09:07:56'),(513,101,84,'43','ZAPATILLA FOX3.0',83.00,100.43,NULL,15,50,NULL,'2021-04-19 09:07:56'),(514,101,84,'44','ZAPATILLA FOX3.0',83.00,100.43,NULL,3,50,NULL,'2021-04-19 09:07:56'),(515,101,84,'45','ZAPATILLA FOX3.0',83.00,100.43,NULL,5,50,NULL,'2021-04-19 09:07:56'),(516,101,84,'46','ZAPATILLA FOX3.0',83.00,100.43,NULL,1,50,NULL,'2021-04-19 09:07:56'),(517,101,84,'47','ZAPATILLA FOX3.0',83.00,100.43,NULL,4,50,NULL,'2021-04-19 09:07:56'),(518,101,86,'45','BOTA WOLF 8.0',83.00,100.43,NULL,1,51,NULL,'2021-04-21 10:21:53'),(519,101,84,'43','ZAPATILLA FOX3.0',83.00,100.43,NULL,1,51,NULL,'2021-04-21 10:21:53');
/*!40000 ALTER TABLE `shopping_cart` ENABLE KEYS */;
UNLOCK TABLES;

--
-- Table structure for table `stock_producto`
--

DROP TABLE IF EXISTS `stock_producto`;
/*!40101 SET @saved_cs_client     = @@character_set_client */;
/*!40101 SET character_set_client = utf8 */;
CREATE TABLE `stock_producto` (
  `id_product` int(11) NOT NULL,
  `id_talla` int(11) NOT NULL,
  `qty` int(11) NOT NULL,
  `created_at` timestamp NULL DEFAULT NULL,
  `updated_at` timestamp NULL DEFAULT NULL
) ENGINE=InnoDB DEFAULT CHARSET=utf8mb4 COLLATE=utf8mb4_unicode_ci;
/*!40101 SET character_set_client = @saved_cs_client */;

--
-- Dumping data for table `stock_producto`
--

LOCK TABLES `stock_producto` WRITE;
/*!40000 ALTER TABLE `stock_producto` DISABLE KEYS */;
INSERT INTO `stock_producto` (`id_product`, `id_talla`, `qty`, `created_at`, `updated_at`) VALUES (1,75,500,NULL,'2021-03-29 19:39:49'),(2,75,500,NULL,NULL),(3,45,20,NULL,NULL),(3,46,20,NULL,NULL),(3,47,20,NULL,NULL),(3,48,20,NULL,NULL),(4,45,20,NULL,NULL),(4,46,20,NULL,NULL),(4,47,20,NULL,NULL),(4,48,20,NULL,NULL),(5,64,5,NULL,NULL),(5,65,5,NULL,NULL),(5,66,5,NULL,NULL),(5,67,10,NULL,NULL),(5,69,10,NULL,NULL),(5,70,10,NULL,NULL),(5,71,10,NULL,NULL),(5,72,10,NULL,NULL),(5,73,10,NULL,NULL),(5,74,5,NULL,NULL),(6,64,10,NULL,NULL),(6,65,10,NULL,NULL),(6,66,10,NULL,NULL),(6,67,20,NULL,NULL),(6,69,20,NULL,NULL),(6,70,20,NULL,NULL),(6,71,20,NULL,NULL),(6,72,20,NULL,NULL),(6,73,10,NULL,NULL),(6,74,10,NULL,NULL),(7,64,10,NULL,NULL),(7,65,10,NULL,NULL),(7,66,10,NULL,NULL),(7,67,10,NULL,NULL),(7,69,20,NULL,NULL),(7,70,20,NULL,NULL),(7,71,20,NULL,NULL),(7,72,20,NULL,NULL),(7,73,10,NULL,NULL),(7,74,5,NULL,NULL),(8,75,300,NULL,NULL),(9,49,100,NULL,NULL),(9,50,100,NULL,NULL),(10,75,40,NULL,'2021-02-02 09:09:32'),(11,75,200,NULL,NULL),(12,75,500,NULL,NULL),(13,75,200,NULL,NULL),(14,75,200,NULL,NULL),(15,75,100,NULL,NULL),(16,75,300,NULL,NULL),(17,75,500,NULL,NULL),(18,64,10,NULL,NULL),(18,65,10,NULL,NULL),(18,66,10,NULL,NULL),(18,67,20,NULL,NULL),(18,69,30,NULL,NULL),(18,70,30,NULL,NULL),(18,71,20,NULL,NULL),(18,72,20,NULL,NULL),(18,73,5,NULL,NULL),(18,74,5,NULL,NULL),(19,64,5,NULL,NULL),(19,65,5,NULL,NULL),(19,66,20,NULL,NULL),(19,67,20,NULL,NULL),(19,69,20,NULL,NULL),(19,70,20,NULL,NULL),(19,71,20,NULL,NULL),(19,72,20,NULL,NULL),(19,73,5,NULL,NULL),(19,74,5,NULL,NULL),(20,75,100,NULL,NULL),(21,75,100,NULL,NULL),(22,39,30,NULL,NULL),(22,40,40,NULL,NULL),(22,41,40,NULL,NULL),(22,42,30,NULL,NULL),(22,43,30,NULL,NULL),(22,44,30,NULL,NULL),(23,75,500,NULL,NULL),(24,75,50,NULL,NULL),(25,75,50,NULL,NULL),(26,75,50,NULL,NULL),(27,75,300,NULL,NULL),(28,75,100,NULL,NULL),(29,75,200,NULL,NULL),(30,2,30,NULL,NULL),(30,3,30,NULL,NULL),(30,4,30,NULL,NULL),(30,5,30,NULL,NULL),(30,6,30,NULL,NULL),(30,7,30,NULL,NULL),(30,8,30,NULL,NULL),(30,9,30,NULL,NULL),(30,10,30,NULL,NULL),(30,11,30,NULL,NULL),(30,12,30,NULL,NULL),(30,13,30,NULL,NULL),(31,2,30,NULL,NULL),(31,3,30,NULL,NULL),(31,4,30,NULL,NULL),(31,5,30,NULL,NULL),(31,6,30,NULL,NULL),(31,7,30,NULL,NULL),(31,8,30,NULL,NULL),(31,9,30,NULL,NULL),(31,10,30,NULL,NULL),(31,11,30,NULL,NULL),(31,12,30,NULL,NULL),(31,13,30,NULL,NULL),(32,2,10,NULL,NULL),(32,3,10,NULL,NULL),(32,4,10,NULL,NULL),(32,5,10,NULL,NULL),(32,6,10,NULL,NULL),(32,7,10,NULL,NULL),(32,8,10,NULL,NULL),(32,9,10,NULL,NULL),(32,10,10,NULL,NULL),(32,11,10,NULL,NULL),(32,12,10,NULL,NULL),(32,13,10,NULL,NULL),(33,2,20,NULL,NULL),(33,3,20,NULL,NULL),(33,4,30,NULL,NULL),(33,5,30,NULL,NULL),(33,6,30,NULL,NULL),(33,7,30,NULL,NULL),(33,8,30,NULL,NULL),(33,9,30,NULL,NULL),(33,10,30,NULL,NULL),(33,11,25,NULL,NULL),(33,12,25,NULL,NULL),(33,13,25,NULL,NULL),(33,14,25,NULL,NULL),(34,2,20,NULL,NULL),(34,3,20,NULL,NULL),(34,4,20,NULL,NULL),(34,5,20,NULL,NULL),(34,6,20,NULL,NULL),(34,7,20,NULL,NULL),(34,8,20,NULL,NULL),(34,9,20,NULL,NULL),(34,10,20,NULL,NULL),(34,11,20,NULL,NULL),(34,12,20,NULL,NULL),(34,13,20,NULL,NULL),(35,2,20,NULL,NULL),(35,3,20,NULL,NULL),(35,4,20,NULL,NULL),(35,5,20,NULL,NULL),(35,6,20,NULL,NULL),(35,7,20,NULL,NULL),(35,8,20,NULL,NULL),(35,9,20,NULL,NULL),(35,10,20,NULL,NULL),(35,11,20,NULL,NULL),(35,12,20,NULL,NULL),(35,13,20,NULL,NULL),(36,2,30,NULL,NULL),(36,3,30,NULL,NULL),(36,4,30,NULL,NULL),(36,5,30,NULL,NULL),(36,6,30,NULL,NULL),(36,7,30,NULL,NULL),(36,8,30,NULL,NULL),(36,9,30,NULL,NULL),(36,10,30,NULL,NULL),(36,11,30,NULL,NULL),(36,12,30,NULL,NULL),(36,13,30,NULL,NULL),(36,14,30,NULL,NULL),(37,2,20,NULL,NULL),(37,3,20,NULL,NULL),(37,4,20,NULL,NULL),(37,5,20,NULL,NULL),(37,6,20,NULL,NULL),(37,7,20,NULL,NULL),(37,8,20,NULL,NULL),(37,9,20,NULL,NULL),(37,10,20,NULL,NULL),(37,11,20,NULL,NULL),(37,12,20,NULL,NULL),(37,13,20,NULL,NULL),(38,45,50,NULL,NULL),(38,46,50,NULL,NULL),(38,47,50,NULL,NULL),(38,48,50,NULL,NULL),(39,45,50,NULL,NULL),(39,46,50,NULL,NULL),(39,47,50,NULL,NULL),(39,48,50,NULL,NULL),(40,64,5,NULL,NULL),(40,65,20,NULL,NULL),(40,66,30,NULL,NULL),(40,67,30,NULL,NULL),(40,69,30,NULL,NULL),(40,70,30,NULL,NULL),(40,71,30,NULL,NULL),(40,72,30,NULL,NULL),(40,73,10,NULL,NULL),(40,74,10,NULL,NULL),(41,64,10,NULL,NULL),(41,65,20,NULL,NULL),(41,66,20,NULL,NULL),(41,67,40,NULL,NULL),(41,69,40,NULL,NULL),(41,70,40,NULL,NULL),(41,71,40,NULL,NULL),(41,72,40,NULL,NULL),(41,73,10,NULL,NULL),(41,74,5,NULL,NULL),(42,64,10,NULL,NULL),(42,65,30,NULL,NULL),(42,66,30,NULL,NULL),(42,67,40,NULL,NULL),(42,69,40,NULL,NULL),(42,70,40,NULL,NULL),(42,71,40,NULL,NULL),(42,72,40,NULL,NULL),(42,73,30,NULL,NULL),(42,74,15,NULL,NULL),(43,64,10,NULL,NULL),(43,65,10,NULL,NULL),(43,66,30,NULL,NULL),(43,67,30,NULL,NULL),(43,69,40,NULL,NULL),(43,70,40,NULL,NULL),(43,71,40,NULL,NULL),(43,72,40,NULL,NULL),(43,73,30,NULL,NULL),(43,74,10,NULL,NULL),(44,51,10,NULL,NULL),(44,52,20,NULL,NULL),(44,53,30,NULL,NULL),(44,54,30,NULL,NULL),(44,55,30,NULL,NULL),(44,56,30,NULL,NULL),(44,57,30,NULL,NULL),(44,58,30,NULL,NULL),(44,59,20,NULL,NULL),(44,60,20,NULL,NULL),(44,61,20,NULL,NULL),(44,62,20,NULL,NULL),(44,64,20,NULL,NULL),(45,15,20,NULL,NULL),(45,16,20,NULL,NULL),(45,17,20,NULL,NULL),(45,18,20,NULL,NULL),(45,19,20,NULL,NULL),(45,20,20,NULL,NULL),(45,21,20,NULL,NULL),(45,0,20,NULL,NULL),(45,0,20,NULL,NULL),(46,75,50,NULL,NULL),(22,39,100,NULL,NULL),(22,40,200,NULL,NULL),(22,41,100,NULL,NULL),(22,42,100,NULL,NULL),(22,43,100,NULL,NULL),(22,44,100,NULL,NULL),(48,45,20,NULL,NULL),(48,46,20,NULL,NULL),(48,47,20,NULL,NULL),(48,48,20,NULL,NULL),(49,67,30,NULL,NULL),(49,69,30,NULL,NULL),(49,70,30,NULL,NULL),(49,71,30,NULL,NULL),(49,72,30,NULL,NULL),(50,51,10,NULL,NULL),(50,52,20,NULL,NULL),(50,53,30,NULL,NULL),(50,54,30,NULL,NULL),(50,55,30,NULL,NULL),(50,56,30,NULL,NULL),(50,57,30,NULL,NULL),(50,58,30,NULL,NULL),(50,59,20,NULL,NULL),(50,60,20,NULL,NULL),(50,61,20,NULL,NULL),(50,62,20,NULL,NULL),(50,64,20,NULL,NULL),(50,51,20,NULL,NULL),(50,52,20,NULL,NULL),(50,53,20,NULL,NULL),(50,54,20,NULL,NULL),(50,55,20,NULL,NULL),(50,56,20,NULL,NULL),(50,57,20,NULL,NULL),(50,58,20,NULL,NULL),(50,59,20,NULL,NULL),(50,60,20,NULL,NULL),(50,61,20,NULL,NULL),(50,62,20,NULL,NULL),(50,64,20,NULL,NULL),(52,75,40,NULL,NULL),(53,64,5,NULL,NULL),(53,65,5,NULL,NULL),(53,66,20,NULL,NULL),(53,67,30,NULL,NULL),(53,69,30,NULL,NULL),(53,70,30,NULL,NULL),(53,71,30,NULL,NULL),(53,72,30,NULL,NULL),(53,73,10,NULL,NULL),(53,74,5,NULL,NULL),(54,64,5,NULL,NULL),(54,65,30,NULL,NULL),(54,66,30,NULL,NULL),(54,67,30,NULL,NULL),(54,69,30,NULL,NULL),(54,70,30,NULL,NULL),(54,71,30,NULL,NULL),(54,72,30,NULL,NULL),(54,73,20,NULL,NULL),(54,74,5,NULL,NULL),(55,51,20,NULL,NULL),(55,52,20,NULL,NULL),(55,53,20,NULL,NULL),(55,54,20,NULL,NULL),(55,55,20,NULL,NULL),(55,56,20,NULL,NULL),(55,57,20,NULL,NULL),(55,58,20,NULL,NULL),(55,59,20,NULL,NULL),(55,60,20,NULL,NULL),(55,61,20,NULL,NULL),(55,62,20,NULL,NULL),(55,64,20,NULL,NULL),(56,64,20,NULL,NULL),(56,65,20,NULL,NULL),(56,66,20,NULL,NULL),(56,67,20,NULL,NULL),(56,69,20,NULL,NULL),(56,70,20,NULL,NULL),(56,71,20,NULL,NULL),(56,72,20,NULL,NULL),(56,73,20,NULL,NULL),(56,74,20,NULL,NULL),(57,64,40,NULL,NULL),(57,65,40,NULL,NULL),(57,66,40,NULL,NULL),(57,67,40,NULL,NULL),(57,69,40,NULL,NULL),(57,70,40,NULL,NULL),(57,71,40,NULL,NULL),(57,72,40,NULL,NULL),(57,73,40,NULL,NULL),(57,74,40,NULL,NULL),(58,51,40,NULL,NULL),(58,52,40,NULL,NULL),(58,53,40,NULL,NULL),(58,54,40,NULL,NULL),(58,55,40,NULL,NULL),(58,56,40,NULL,NULL),(58,57,40,NULL,NULL),(58,58,40,NULL,NULL),(58,59,40,NULL,NULL),(58,60,40,NULL,NULL),(58,61,40,NULL,NULL),(58,62,40,NULL,NULL),(58,64,40,NULL,NULL),(59,51,10,NULL,NULL),(59,52,10,NULL,NULL),(59,53,10,NULL,NULL),(59,54,10,NULL,NULL),(59,55,10,NULL,NULL),(59,56,10,NULL,NULL),(59,57,10,NULL,NULL),(59,58,10,NULL,NULL),(59,59,10,NULL,NULL),(59,60,10,NULL,NULL),(59,61,10,NULL,NULL),(59,62,10,NULL,NULL),(59,64,10,NULL,NULL),(60,64,50,NULL,NULL),(60,65,50,NULL,NULL),(60,66,50,NULL,NULL),(60,67,50,NULL,NULL),(60,69,50,NULL,NULL),(60,70,50,NULL,NULL),(60,71,50,NULL,NULL),(60,72,50,NULL,NULL),(60,73,50,NULL,NULL),(60,74,50,NULL,NULL),(61,64,20,NULL,'2021-02-01 10:04:01'),(61,65,10,NULL,'2021-02-01 10:04:01'),(61,66,10,NULL,'2021-02-01 10:04:01'),(61,67,20,NULL,'2021-02-01 10:04:01'),(61,69,30,NULL,'2021-02-01 10:04:01'),(61,70,30,NULL,'2021-02-01 10:04:01'),(61,71,30,NULL,'2021-02-01 10:04:01'),(61,72,20,NULL,'2021-02-01 10:04:01'),(61,73,10,NULL,'2021-02-01 10:04:01'),(61,74,10,NULL,'2021-02-01 10:04:01'),(62,2,20,NULL,'2021-02-08 19:19:08'),(62,3,20,NULL,'2021-02-08 19:19:08'),(62,4,20,NULL,'2021-02-08 19:19:08'),(62,5,20,NULL,'2021-02-08 19:19:08'),(62,6,20,NULL,'2021-02-08 19:19:08'),(62,7,20,NULL,'2021-02-08 19:19:08'),(62,8,20,NULL,'2021-02-08 19:19:08'),(62,9,20,NULL,'2021-02-08 19:19:08'),(62,10,20,NULL,'2021-02-08 19:19:08'),(62,11,20,NULL,'2021-02-08 19:19:08'),(62,12,20,NULL,'2021-02-08 19:19:08'),(62,13,20,NULL,'2021-02-08 19:19:08'),(62,14,20,NULL,'2021-02-08 19:19:08'),(63,2,20,NULL,'2021-02-08 19:16:20'),(63,3,20,NULL,'2021-02-08 19:16:20'),(63,4,20,NULL,'2021-02-08 19:16:20'),(63,5,20,NULL,'2021-02-08 19:16:20'),(63,6,20,NULL,'2021-02-08 19:16:20'),(63,7,20,NULL,'2021-02-08 19:16:20'),(63,8,20,NULL,'2021-02-08 19:16:20'),(63,9,20,NULL,'2021-02-08 19:16:20'),(63,10,20,NULL,'2021-02-08 19:16:20'),(63,11,20,NULL,'2021-02-08 19:16:20'),(63,12,20,NULL,'2021-02-08 19:16:20'),(63,13,20,NULL,'2021-02-08 19:16:20'),(63,14,20,NULL,'2021-02-08 19:16:20'),(64,64,20,NULL,'2021-03-08 20:51:00'),(64,65,10,NULL,'2021-03-08 20:51:00'),(64,66,10,NULL,'2021-03-08 20:51:00'),(64,67,20,NULL,'2021-03-08 20:51:00'),(64,69,30,NULL,'2021-03-08 20:51:00'),(64,70,30,NULL,'2021-03-08 20:51:00'),(64,71,30,NULL,'2021-03-08 20:51:00'),(64,72,20,NULL,'2021-03-08 20:51:00'),(64,73,10,NULL,'2021-03-08 20:51:00'),(64,74,10,NULL,'2021-03-08 20:51:00'),(65,64,20,NULL,'2021-02-08 19:12:37'),(65,65,10,NULL,'2021-02-08 19:12:37'),(65,66,10,NULL,'2021-02-08 19:12:37'),(65,67,20,NULL,'2021-02-08 19:12:37'),(65,69,30,NULL,'2021-02-08 19:12:37'),(65,70,30,NULL,'2021-02-08 19:12:37'),(65,71,30,NULL,'2021-02-08 19:12:37'),(65,72,20,NULL,'2021-02-08 19:12:37'),(65,73,10,NULL,'2021-02-08 19:12:37'),(65,74,10,NULL,'2021-02-08 19:12:37'),(66,64,20,NULL,'2021-02-08 20:15:18'),(66,65,20,NULL,'2021-02-08 20:15:18'),(66,66,20,NULL,'2021-02-08 20:15:18'),(66,67,20,NULL,'2021-02-08 20:15:18'),(66,69,20,NULL,'2021-02-08 20:15:18'),(66,70,20,NULL,'2021-02-08 20:15:18'),(66,71,20,NULL,'2021-02-08 20:15:18'),(66,72,20,NULL,'2021-02-08 20:15:18'),(66,73,20,NULL,'2021-02-08 20:15:18'),(66,74,20,NULL,'2021-02-08 20:15:18'),(67,45,40,NULL,'2021-02-08 19:15:47'),(67,46,40,NULL,'2021-02-08 19:15:47'),(67,47,40,NULL,'2021-02-08 19:15:47'),(67,48,40,NULL,'2021-02-08 19:15:47'),(68,51,20,NULL,'2021-02-08 19:19:52'),(68,52,20,NULL,'2021-02-08 19:19:52'),(68,53,40,NULL,'2021-02-08 19:19:52'),(68,54,40,NULL,'2021-02-08 19:19:52'),(68,55,40,NULL,'2021-02-08 19:19:52'),(68,56,40,NULL,'2021-02-08 19:19:52'),(68,57,40,NULL,'2021-02-08 19:19:52'),(68,58,40,NULL,'2021-02-08 19:19:52'),(68,59,30,NULL,'2021-02-08 19:19:52'),(68,60,30,NULL,'2021-02-08 19:19:52'),(68,61,20,NULL,'2021-02-08 19:19:52'),(68,62,20,NULL,'2021-02-08 19:19:52'),(68,64,0,NULL,'2021-02-08 19:19:52'),(51,51,20,'2021-02-08 20:15:50','2021-02-08 20:15:50'),(51,52,20,'2021-02-08 20:15:50','2021-02-08 20:15:50'),(51,53,40,'2021-02-08 20:15:50','2021-02-08 20:15:50'),(51,54,40,'2021-02-08 20:15:50','2021-02-08 20:15:50'),(51,55,40,'2021-02-08 20:15:50','2021-02-08 20:15:50'),(51,56,40,'2021-02-08 20:15:50','2021-02-08 20:15:50'),(51,57,40,'2021-02-08 20:15:50','2021-02-08 20:15:50'),(51,58,40,'2021-02-08 20:15:50','2021-02-08 20:15:50'),(51,59,30,'2021-02-08 20:15:50','2021-02-08 20:15:50'),(51,60,30,'2021-02-08 20:15:50','2021-02-08 20:15:50'),(51,61,20,'2021-02-08 20:15:50','2021-02-08 20:15:50'),(51,62,20,'2021-02-08 20:15:50','2021-02-08 20:15:50'),(77,72,20,'2021-02-08 21:26:28','2021-02-08 21:43:19'),(77,65,20,'2021-02-08 21:26:28','2021-02-08 21:43:19'),(77,73,20,'2021-02-08 21:26:28','2021-02-08 21:43:19'),(77,64,20,'2021-02-08 21:26:28','2021-02-08 21:43:19'),(77,74,20,'2021-02-08 21:26:28','2021-02-08 21:43:19'),(77,70,20,'2021-02-08 21:26:28','2021-02-08 21:43:19'),(77,69,20,'2021-02-08 21:26:28','2021-02-08 21:43:19'),(77,67,20,'2021-02-08 21:26:28','2021-02-08 21:43:19'),(77,71,20,'2021-02-08 21:26:28','2021-02-08 21:43:19'),(77,66,20,'2021-02-08 21:26:28','2021-02-08 21:43:19'),(78,72,20,'2021-02-08 21:32:10','2021-02-08 21:44:26'),(78,65,20,'2021-02-08 21:32:10','2021-02-08 21:44:26'),(78,73,20,'2021-02-08 21:32:10','2021-02-08 21:44:26'),(78,64,20,'2021-02-08 21:32:10','2021-02-08 21:44:26'),(78,74,20,'2021-02-08 21:32:10','2021-02-08 21:44:26'),(78,70,20,'2021-02-08 21:32:10','2021-02-08 21:44:26'),(78,69,20,'2021-02-08 21:32:10','2021-02-08 21:44:26'),(78,67,20,'2021-02-08 21:32:10','2021-02-08 21:44:26'),(78,71,20,'2021-02-08 21:32:10','2021-02-08 21:44:26'),(78,66,20,'2021-02-08 21:32:10','2021-02-08 21:44:26'),(79,51,5,'2021-03-31 04:09:42','2021-03-31 05:27:20'),(79,52,5,'2021-03-31 04:09:42','2021-03-31 05:27:20'),(79,53,5,'2021-03-31 04:09:42','2021-03-31 05:27:20'),(79,54,5,'2021-03-31 04:09:42','2021-03-31 05:27:20'),(79,55,5,'2021-03-31 04:09:42','2021-03-31 05:27:20'),(79,56,5,'2021-03-31 04:09:42','2021-03-31 05:27:20'),(79,57,5,'2021-03-31 04:09:42','2021-03-31 05:27:20'),(79,58,5,'2021-03-31 04:09:42','2021-03-31 05:27:20'),(79,59,5,'2021-03-31 04:09:42','2021-03-31 05:27:20'),(79,60,5,'2021-03-31 04:09:42','2021-03-31 05:27:20'),(79,61,5,'2021-03-31 04:09:42','2021-03-31 05:27:20'),(79,62,5,'2021-03-31 04:09:42','2021-03-31 05:27:20'),(79,63,5,'2021-03-31 04:09:42','2021-03-31 05:27:20'),(81,47,5,'2021-03-31 04:17:11','2021-03-31 04:17:11'),(81,46,5,'2021-03-31 04:17:11','2021-03-31 04:17:11'),(81,45,5,'2021-03-31 04:17:11','2021-03-31 04:17:11'),(81,48,5,'2021-03-31 04:17:11','2021-03-31 04:17:11'),(82,47,5,'2021-03-31 04:37:09','2021-03-31 04:37:09'),(82,46,5,'2021-03-31 04:37:09','2021-03-31 04:37:09'),(82,45,5,'2021-03-31 04:37:09','2021-03-31 04:37:09'),(82,48,5,'2021-03-31 04:37:09','2021-03-31 04:37:09'),(83,1,3,'2021-03-31 04:39:46','2021-03-31 04:39:46'),(83,2,3,'2021-03-31 04:39:46','2021-03-31 04:39:46'),(83,3,3,'2021-03-31 04:39:46','2021-03-31 04:39:46'),(83,4,3,'2021-03-31 04:39:46','2021-03-31 04:39:46'),(83,5,3,'2021-03-31 04:39:46','2021-03-31 04:39:46'),(83,6,3,'2021-03-31 04:39:46','2021-03-31 04:39:46'),(83,7,3,'2021-03-31 04:39:46','2021-03-31 04:39:46'),(83,8,3,'2021-03-31 04:39:46','2021-03-31 04:39:46'),(83,9,3,'2021-03-31 04:39:46','2021-03-31 04:39:46'),(83,10,3,'2021-03-31 04:39:46','2021-03-31 04:39:46'),(83,11,3,'2021-03-31 04:39:46','2021-03-31 04:39:46'),(83,12,3,'2021-03-31 04:39:46','2021-03-31 04:39:46'),(83,13,3,'2021-03-31 04:39:46','2021-03-31 04:39:46'),(83,14,3,'2021-03-31 04:39:46','2021-03-31 04:39:46'),(80,75,5,'2021-03-31 04:42:39','2021-03-31 05:27:44'),(84,1,15,'2021-04-12 07:42:37','2021-04-12 08:05:13'),(84,2,15,'2021-04-12 07:42:37','2021-04-12 08:05:13'),(84,3,15,'2021-04-12 07:42:37','2021-04-12 08:05:13'),(84,4,15,'2021-04-12 07:42:37','2021-04-12 08:05:13'),(84,5,15,'2021-04-12 07:42:37','2021-04-12 08:05:13'),(84,6,15,'2021-04-12 07:42:37','2021-04-12 08:05:13'),(84,7,15,'2021-04-12 07:42:37','2021-04-12 08:05:13'),(84,8,15,'2021-04-12 07:42:37','2021-04-12 08:05:13'),(84,9,15,'2021-04-12 07:42:37','2021-04-12 08:05:13'),(84,10,15,'2021-04-12 07:42:37','2021-04-12 08:05:13'),(84,11,15,'2021-04-12 07:42:37','2021-04-12 08:05:13'),(84,12,15,'2021-04-12 07:42:37','2021-04-12 08:05:13'),(84,13,15,'2021-04-12 07:42:37','2021-04-12 08:05:13'),(84,14,15,'2021-04-12 07:42:37','2021-04-12 08:05:13'),(85,1,15,'2021-04-12 07:46:24','2021-04-19 07:30:46'),(85,2,15,'2021-04-12 07:46:24','2021-04-19 07:30:46'),(85,3,15,'2021-04-12 07:46:24','2021-04-19 07:30:46'),(85,4,15,'2021-04-12 07:46:24','2021-04-19 07:30:46'),(85,5,15,'2021-04-12 07:46:24','2021-04-19 07:30:46'),(85,6,15,'2021-04-12 07:46:24','2021-04-19 07:30:46'),(85,7,15,'2021-04-12 07:46:24','2021-04-19 07:30:46'),(85,8,15,'2021-04-12 07:46:24','2021-04-19 07:30:46'),(85,9,15,'2021-04-12 07:46:24','2021-04-19 07:30:46'),(85,10,15,'2021-04-12 07:46:24','2021-04-19 07:30:46'),(85,11,15,'2021-04-12 07:46:24','2021-04-19 07:30:46'),(85,12,15,'2021-04-12 07:46:24','2021-04-19 07:30:46'),(85,13,15,'2021-04-12 07:46:24','2021-04-19 07:30:46'),(85,14,15,'2021-04-12 07:46:24','2021-04-19 07:30:46'),(86,1,15,'2021-04-12 07:49:45','2021-04-15 03:56:07'),(86,2,15,'2021-04-12 07:49:45','2021-04-15 03:56:07'),(86,3,15,'2021-04-12 07:49:45','2021-04-15 03:56:07'),(86,4,15,'2021-04-12 07:49:45','2021-04-15 03:56:07'),(86,5,15,'2021-04-12 07:49:45','2021-04-15 03:56:07'),(86,6,15,'2021-04-12 07:49:45','2021-04-15 03:56:07'),(86,7,15,'2021-04-12 07:49:45','2021-04-15 03:56:07'),(86,8,15,'2021-04-12 07:49:45','2021-04-15 03:56:07'),(86,9,15,'2021-04-12 07:49:45','2021-04-15 03:56:07'),(86,10,15,'2021-04-12 07:49:45','2021-04-15 03:56:07'),(86,11,15,'2021-04-12 07:49:45','2021-04-15 03:56:07'),(86,12,15,'2021-04-12 07:49:45','2021-04-15 03:56:07'),(86,13,15,'2021-04-12 07:49:45','2021-04-15 03:56:07'),(86,14,15,'2021-04-12 07:49:45','2021-04-15 03:56:07');
/*!40000 ALTER TABLE `stock_producto` ENABLE KEYS */;
UNLOCK TABLES;

--
-- Table structure for table `subfamilias`
--

DROP TABLE IF EXISTS `subfamilias`;
/*!40101 SET @saved_cs_client     = @@character_set_client */;
/*!40101 SET character_set_client = utf8 */;
CREATE TABLE `subfamilias` (
  `id_subfamilia` int(10) unsigned NOT NULL AUTO_INCREMENT,
  `subfamilia` varchar(255) COLLATE utf8mb4_unicode_ci NOT NULL,
  `id_familia` int(11) NOT NULL,
  `created_at` timestamp NULL DEFAULT NULL,
  `updated_at` timestamp NULL DEFAULT NULL,
  PRIMARY KEY (`id_subfamilia`)
) ENGINE=InnoDB AUTO_INCREMENT=41 DEFAULT CHARSET=utf8mb4 COLLATE=utf8mb4_unicode_ci;
/*!40101 SET character_set_client = @saved_cs_client */;

--
-- Dumping data for table `subfamilias`
--

LOCK TABLES `subfamilias` WRITE;
/*!40000 ALTER TABLE `subfamilias` DISABLE KEYS */;
INSERT INTO `subfamilias` (`id_subfamilia`, `subfamilia`, `id_familia`, `created_at`, `updated_at`) VALUES (1,'CALCETINES',2,NULL,NULL),(2,'CALZADO',2,NULL,NULL),(3,'GORRA FAENA',2,NULL,NULL),(4,'PRENDAS DE ABRIGO',2,NULL,NULL),(5,'PRENDAS DE GALA',2,NULL,NULL),(6,'PRENDAS DE MOTORISTA',2,NULL,NULL),(7,'UNIFORME FAENA',2,NULL,NULL),(8,'BOLSO TACTICO POLICIAL',1,NULL,NULL),(9,'CARTERA PORTADOCUMENTOS',1,NULL,NULL),(10,'CASCO',1,NULL,NULL),(11,'CHALECO PROTECCION ANTIBALAS',1,NULL,NULL),(12,'CHALECO REFLECTANTE',1,NULL,NULL),(13,'CINTURON POLICIAL',1,NULL,NULL),(14,'DEFENSA PERSONAL EXTENSIBLE',1,NULL,NULL),(15,'FUNDA ARMA REGLAMENTARIA',1,NULL,NULL),(16,'FUNDA DEFENSA EXTENSIBLE',1,NULL,NULL),(17,'FUNDA GRILLETES',1,NULL,NULL),(18,'FUNDA SPRAY AUTODEFENSA',1,NULL,NULL),(19,'GANCHO PORTA CASCO INTERVENCION',1,NULL,NULL),(20,'GRILLETES BISAGRA',1,NULL,NULL),(21,'GUANTES',1,NULL,NULL),(22,'INSIGNIAS IDENTIFICATIVAS',1,NULL,NULL),(23,'LINTERNA CON FUNDA',1,NULL,NULL),(24,'PORTA GUANTES',1,NULL,NULL),(25,'SILBATO CON CADENA DE SUJECION',1,NULL,NULL),(26,'SPRAY DE AUTODEFENSA',1,NULL,NULL),(27,'CALZADO',3,NULL,NULL),(28,'UNIFORMIDAD',3,NULL,NULL),(30,'CATALOGO CORDOBA',5,'2021-03-30 08:25:21','2021-03-30 08:25:21'),(31,'CATALOGO CORDOBA',6,'2021-03-30 08:26:02','2021-03-30 08:26:02'),(32,'MOTORISTAS',7,'2021-03-31 04:03:08','2021-03-31 04:03:08'),(33,'CICLISTAS',8,'2021-03-31 04:03:26','2021-03-31 04:03:26'),(34,'CABALLERIA',9,'2021-03-31 04:03:43','2021-03-31 04:03:43'),(35,'CALZADO',10,'2021-04-12 07:34:45','2021-04-12 07:34:45'),(36,'Uniformidad',12,'2021-04-21 09:51:12','2021-04-21 09:51:12'),(37,'UTILLAJE',13,'2021-04-21 09:51:48','2021-04-21 09:53:55'),(38,'UNIFORMIDAD',11,'2021-04-21 09:54:26','2021-04-21 09:54:26'),(39,'UTILLAJE',15,'2021-04-21 09:54:45','2021-04-21 09:54:45'),(40,'UNIFORMIDAD',16,'2021-04-21 09:55:29','2021-04-21 09:55:29');
/*!40000 ALTER TABLE `subfamilias` ENABLE KEYS */;
UNLOCK TABLES;

--
-- Table structure for table `tallas`
--

DROP TABLE IF EXISTS `tallas`;
/*!40101 SET @saved_cs_client     = @@character_set_client */;
/*!40101 SET character_set_client = utf8 */;
CREATE TABLE `tallas` (
  `id_talla` int(10) unsigned NOT NULL AUTO_INCREMENT,
  `talla` varchar(255) COLLATE utf8mb4_unicode_ci NOT NULL,
  `id_tipo_talla` int(11) NOT NULL,
  `created_at` timestamp NULL DEFAULT NULL,
  `updated_at` timestamp NULL DEFAULT NULL,
  PRIMARY KEY (`id_talla`)
) ENGINE=InnoDB AUTO_INCREMENT=77 DEFAULT CHARSET=utf8mb4 COLLATE=utf8mb4_unicode_ci;
/*!40101 SET character_set_client = @saved_cs_client */;

--
-- Dumping data for table `tallas`
--

LOCK TABLES `tallas` WRITE;
/*!40000 ALTER TABLE `tallas` DISABLE KEYS */;
INSERT INTO `tallas` (`id_talla`, `talla`, `id_tipo_talla`, `created_at`, `updated_at`) VALUES (1,'35',1,NULL,NULL),(2,'36',1,NULL,NULL),(3,'37',1,NULL,NULL),(4,'38',1,NULL,NULL),(5,'39',1,NULL,NULL),(6,'40',1,NULL,NULL),(7,'41',1,NULL,NULL),(8,'42',1,NULL,NULL),(9,'43',1,NULL,NULL),(10,'44',1,NULL,NULL),(11,'45',1,NULL,NULL),(12,'46',1,NULL,NULL),(13,'47',1,NULL,NULL),(14,'48',1,NULL,NULL),(15,'37',2,NULL,NULL),(16,'38',2,NULL,NULL),(17,'39',2,NULL,NULL),(18,'40',2,NULL,NULL),(19,'41',2,NULL,NULL),(20,'42',2,NULL,NULL),(21,'43',2,NULL,NULL),(22,'44',2,NULL,NULL),(23,'45',2,NULL,NULL),(24,'36',3,NULL,NULL),(25,'37',3,NULL,NULL),(26,'38',3,NULL,NULL),(27,'39',3,NULL,NULL),(28,'40',3,NULL,NULL),(29,'41',3,NULL,NULL),(30,'42',3,NULL,NULL),(31,'43',3,NULL,NULL),(32,'44',3,NULL,NULL),(33,'45',3,NULL,NULL),(34,'46',3,NULL,NULL),(35,'47',3,NULL,NULL),(36,'48',3,NULL,NULL),(37,'49',3,NULL,NULL),(38,'50',3,NULL,NULL),(39,'Policia en practica',4,NULL,NULL),(40,'Policia',4,NULL,NULL),(41,'Oficial',4,NULL,NULL),(42,'Subinspector',4,NULL,NULL),(43,'Inspector',4,NULL,NULL),(44,'Subcomisiario',4,NULL,NULL),(45,'S',5,NULL,NULL),(46,'M',5,NULL,'2021-02-01 10:19:13'),(47,'G',5,NULL,NULL),(48,'SG',5,NULL,NULL),(49,'Derecha',6,NULL,NULL),(50,'Izquierda',6,NULL,NULL),(51,'36',7,NULL,NULL),(52,'38',7,NULL,NULL),(53,'40',7,NULL,NULL),(54,'42',7,NULL,NULL),(55,'44',7,NULL,NULL),(56,'46',7,NULL,NULL),(57,'48',7,NULL,NULL),(58,'50',7,NULL,NULL),(59,'52',7,NULL,NULL),(60,'54',7,NULL,NULL),(61,'56',7,NULL,NULL),(62,'58',7,NULL,NULL),(63,'60',7,NULL,NULL),(64,'3XS',8,NULL,NULL),(65,'2XS',8,NULL,NULL),(66,'XS',8,NULL,NULL),(67,'S',8,NULL,NULL),(68,'U',8,NULL,NULL),(69,'M',8,NULL,NULL),(70,'L',8,NULL,NULL),(71,'XL',8,NULL,NULL),(72,'2XL',8,NULL,NULL),(73,'3XL',8,NULL,NULL),(74,'4XL',8,NULL,NULL),(75,'Unica',9,NULL,NULL);
/*!40000 ALTER TABLE `tallas` ENABLE KEYS */;
UNLOCK TABLES;

--
-- Table structure for table `tipo_tallas`
--

DROP TABLE IF EXISTS `tipo_tallas`;
/*!40101 SET @saved_cs_client     = @@character_set_client */;
/*!40101 SET character_set_client = utf8 */;
CREATE TABLE `tipo_tallas` (
  `id_tipo_talla` int(10) unsigned NOT NULL AUTO_INCREMENT,
  `tipo_talla` varchar(255) COLLATE utf8mb4_unicode_ci NOT NULL,
  `created_at` timestamp NULL DEFAULT NULL,
  `updated_at` timestamp NULL DEFAULT NULL,
  PRIMARY KEY (`id_tipo_talla`)
) ENGINE=InnoDB AUTO_INCREMENT=11 DEFAULT CHARSET=utf8mb4 COLLATE=utf8mb4_unicode_ci;
/*!40101 SET character_set_client = @saved_cs_client */;

--
-- Dumping data for table `tipo_tallas`
--

LOCK TABLES `tipo_tallas` WRITE;
/*!40000 ALTER TABLE `tipo_tallas` DISABLE KEYS */;
INSERT INTO `tipo_tallas` (`id_tipo_talla`, `tipo_talla`, `created_at`, `updated_at`) VALUES (1,'Calzados',NULL,NULL),(2,'Camisa',NULL,NULL),(3,'Cinturones',NULL,NULL),(4,'Galones',NULL,NULL),(5,'Gorras',NULL,NULL),(6,'Mano',NULL,NULL),(7,'Pantalones',NULL,NULL),(8,'Polo Manga Corta',NULL,NULL),(9,'unica',NULL,NULL);
/*!40000 ALTER TABLE `tipo_tallas` ENABLE KEYS */;
UNLOCK TABLES;

--
-- Table structure for table `user_notification`
--

DROP TABLE IF EXISTS `user_notification`;
/*!40101 SET @saved_cs_client     = @@character_set_client */;
/*!40101 SET character_set_client = utf8 */;
CREATE TABLE `user_notification` (
  `id` bigint(20) unsigned NOT NULL AUTO_INCREMENT,
  `id_user` int(11) NOT NULL,
  `Name` varchar(255) COLLATE utf8mb4_unicode_ci DEFAULT NULL,
  `Apellido` varchar(255) COLLATE utf8mb4_unicode_ci DEFAULT NULL,
  `Telefono` varchar(255) COLLATE utf8mb4_unicode_ci DEFAULT NULL,
  `email` varchar(50) COLLATE utf8mb4_unicode_ci NOT NULL,
  `subject` varchar(50) COLLATE utf8mb4_unicode_ci DEFAULT NULL,
  `mensaje` longtext COLLATE utf8mb4_unicode_ci DEFAULT NULL,
  `created_at` timestamp NULL DEFAULT NULL,
  `updated_at` timestamp NULL DEFAULT NULL,
  PRIMARY KEY (`id`)
) ENGINE=InnoDB AUTO_INCREMENT=11 DEFAULT CHARSET=utf8mb4 COLLATE=utf8mb4_unicode_ci;
/*!40101 SET character_set_client = @saved_cs_client */;

--
-- Dumping data for table `user_notification`
--

LOCK TABLES `user_notification` WRITE;
/*!40000 ALTER TABLE `user_notification` DISABLE KEYS */;
INSERT INTO `user_notification` (`id`, `id_user`, `Name`, `Apellido`, `Telefono`, `email`, `subject`, `mensaje`, `created_at`, `updated_at`) VALUES (3,2,NULL,NULL,NULL,'test@test.com',NULL,'mensaje de prueba','2021-02-01 19:37:22','2021-02-01 19:37:22'),(4,35,NULL,NULL,NULL,'subcomisario@losrealejos.es',NULL,'verificar correcto envío','2021-02-03 12:42:42','2021-02-03 12:42:42'),(5,35,NULL,NULL,NULL,'subcomisario@losrealejos.es',NULL,NULL,'2021-02-03 12:42:48','2021-02-03 12:42:48'),(6,35,NULL,NULL,NULL,'subcomisario@losrealejos.es',NULL,'Buenos días, según conversación telefónica, te señalo las pistolas que tienen los agentes que solicitaron funda de arma.\r\nLázaro Gabriel Báez Báez: Sig Sauer Sig Pro 2009 Derecha\r\nGuzmán Cristian Plasencia Fuentes: HK Standard USP derecha','2021-02-11 11:24:42','2021-02-11 11:24:42'),(7,46,NULL,NULL,NULL,'jp.uran@villanuevadelaserena.es','vienvenida','hola','2021-02-25 16:04:57','2021-02-25 16:04:57'),(8,36,NULL,NULL,NULL,'juan.perez.gonzalez@ayto-realejos.es','cambios de uniformidad','Buenos días, siguiendo las instrucciones del Subcomisario, necesito mandar listado de cambios de prendas de los compañeros que las han devuelto y  que hasta el momento hemos recibido, para el nuevo  reenvío de la tallas correctas. Me puede mandar un correo donde pueda adjuntar el documento.','2021-03-05 10:29:12','2021-03-05 10:29:12'),(9,0,'Andrés','Hernández','690645859','andreshdezgarces@hotmail.com','Pedido realizado. Cambio de tallas.','Buenos días, \r\nAyer se recibió otro pedido donde venías las chaquetas-sueter, quedándome pequeña, por lo que solicito se cambie por la talla L y que sea acolchado. En estos día se le remitirá para el cambio.\r\n   Por otra parte,  el anorak, que todavía no ha llegado, sugiero un cambio de talla, si es posible que sea la talla L. \r\n Muchas gracias . Saludos.\r\n\r\nANORAK ; que sea de la talla L.\r\nCHAQUETA-SUETER, talla L , acolchado.\r\n\r\nMuchas gracias . Un saludo.','2021-04-21 09:31:14','2021-04-21 09:31:14'),(10,0,'Angel','Hidalgo','12345678','jangelhidalgo411@gmail.com','Test Respuesta','qwerty','2021-04-26 16:16:51','2021-04-26 16:16:51');
/*!40000 ALTER TABLE `user_notification` ENABLE KEYS */;
UNLOCK TABLES;

--
-- Table structure for table `users`
--

DROP TABLE IF EXISTS `users`;
/*!40101 SET @saved_cs_client     = @@character_set_client */;
/*!40101 SET character_set_client = utf8 */;
CREATE TABLE `users` (
  `id` bigint(20) unsigned NOT NULL AUTO_INCREMENT,
  `NIF` varchar(255) COLLATE utf8mb4_unicode_ci DEFAULT NULL,
  `placa` varchar(255) COLLATE utf8mb4_unicode_ci DEFAULT NULL,
  `email` varchar(50) COLLATE utf8mb4_unicode_ci NOT NULL,
  `email_verified_at` timestamp NULL DEFAULT NULL,
  `name` varchar(255) COLLATE utf8mb4_unicode_ci NOT NULL,
  `apellido` varchar(255) COLLATE utf8mb4_unicode_ci DEFAULT NULL,
  `password` varchar(255) COLLATE utf8mb4_unicode_ci NOT NULL,
  `two_factor_secret` text COLLATE utf8mb4_unicode_ci DEFAULT NULL,
  `two_factor_recovery_codes` text COLLATE utf8mb4_unicode_ci DEFAULT NULL,
  `password_unhashed` varchar(255) COLLATE utf8mb4_unicode_ci DEFAULT NULL,
  `activo` tinyint(1) NOT NULL DEFAULT 1,
  `telefono1` varchar(255) COLLATE utf8mb4_unicode_ci DEFAULT NULL,
  `telefono2` varchar(255) COLLATE utf8mb4_unicode_ci DEFAULT NULL,
  `foto` text COLLATE utf8mb4_unicode_ci DEFAULT NULL,
  `id_rol` int(11) NOT NULL DEFAULT 1,
  `id_gama` int(11) NOT NULL DEFAULT 0,
  `puntos` int(11) DEFAULT NULL,
  `current_team_id` bigint(20) unsigned DEFAULT NULL,
  `profile_photo_path` text COLLATE utf8mb4_unicode_ci DEFAULT NULL,
  `remember_token` varchar(100) COLLATE utf8mb4_unicode_ci DEFAULT NULL,
  `created_at` timestamp NULL DEFAULT NULL,
  `updated_at` timestamp NULL DEFAULT NULL,
  PRIMARY KEY (`id`),
  UNIQUE KEY `users_email_unique` (`email`)
) ENGINE=InnoDB AUTO_INCREMENT=104 DEFAULT CHARSET=utf8mb4 COLLATE=utf8mb4_unicode_ci;
/*!40101 SET character_set_client = @saved_cs_client */;

--
-- Dumping data for table `users`
--

LOCK TABLES `users` WRITE;
/*!40000 ALTER TABLE `users` DISABLE KEYS */;
INSERT INTO `users` (`id`, `NIF`, `placa`, `email`, `email_verified_at`, `name`, `apellido`, `password`, `two_factor_secret`, `two_factor_recovery_codes`, `password_unhashed`, `activo`, `telefono1`, `telefono2`, `foto`, `id_rol`, `id_gama`, `puntos`, `current_team_id`, `profile_photo_path`, `remember_token`, `created_at`, `updated_at`) VALUES (2,'19587530','19587530','jangelhidalgo07@gmail.com',NULL,'Angel','Hidalgo','$2y$10$UIo0bZhbAJYVjwNx.AAlneVc4IOlNIosS3c7rtDfkv5rmW6avEzVe',NULL,NULL,'123456789',1,'722869365',NULL,'',3,0,4176,NULL,NULL,'vevgUuO8Jaq2MA9g9Pqrw5EVbRKkNhk8A0cfLGq3wsjQP6SGZ3yDBMjFgPE4',NULL,'2021-02-01 09:04:17'),(3,'123456789','123456789','ventas@danneruniforms.com',NULL,'Javier','Sanchez','$2y$10$.CPb5g16ir75zeetu2wZEur8f7PY5qgRDihLJoNDC9TlwZshKFVWG',NULL,NULL,'Siberian2020',1,'655697127',NULL,NULL,4,0,-53358,NULL,NULL,'3nGfuKFKU2tHehhs7D7lniUOckdhqtjiI4vF6eWwsL80wgHMCjlKcxMgktEK',NULL,'2021-03-02 09:59:07'),(4,'43353173J','','agustin.abreu.hernandez@ayto-realejos.es',NULL,'JOSE AGUSTIN','ABREU HERNANDEZ','$2y$10$ouU5DebWXpBFGVIrZ1.j6O0gKqAGnQBk1O9giroUmzoeewPxycRdq',NULL,NULL,'1234',1,'922346231',NULL,NULL,1,1,0,NULL,NULL,NULL,NULL,NULL),(5,'43374479K','34','yajmay.afonso.izquierdo@ayto-realejos.es',NULL,'YAJMAY','AFONSO IZQUIERDO','$2y$10$HPyMzxBSzFdnWIcLGBwhJut562Ol4DyMM2wvfEsEDDrxVxbVMZXwy',NULL,NULL,'1234',1,'922346231',NULL,'',1,1,1,NULL,NULL,NULL,NULL,'2021-02-02 13:04:12'),(6,'52830358W','14','miguel.albelo.luis@ayto-realejos.es',NULL,'MIGUEL WENCESLAO','ALBELO LUIS','$2y$10$5dhhY2G0M1pVUcFXnL.FY.P6TpYyezsADz690/1SOT4/QZwuAKlRa',NULL,NULL,'1234',1,'922346231',NULL,'',1,1,11,NULL,NULL,'Rm20PQM6vfRu1Ig7zRTgT1mXr0mbqpXlARMRecIWafCaMcS5LRU4H89InCOu',NULL,'2021-02-02 08:50:54'),(7,'78672379M','26','pedro.albelo.luis@ayto-realejos.es',NULL,'PEDRO ALEJANDRO','ALBELO LUIS','$2y$10$Fyd60JXRcglrfeEMWsSFWOmW2xgKu99b5FHWVHlTMyFc.AdVOAq1C',NULL,NULL,'1234',1,'922346231',NULL,'',1,1,1,NULL,NULL,NULL,NULL,'2021-02-02 10:46:16'),(8,'07503401L','28006PC0001','malvarezc@aytoalcobendas.org',NULL,'MOISES','ALVAREZ CEBALLOS','$2y$10$rIWk/QuM4fUXZNBjchIIVOYeeQYnXflmzv/ELm523K0cl.KePVbtS',NULL,NULL,'1234',1,'673490451',NULL,'',2,2,23370,NULL,NULL,NULL,NULL,'2021-02-11 16:40:20'),(9,'43355376P','16','francisco.alvarez.hernandez@ayto-realejos.es',NULL,'FRANCISCO JAVIER','ALVAREZ HERNANDEZ','$2y$10$Fg.Uwo0k8hQyOpzLNwmMr.WkOUJFD5WJF61Wh5ekpRZNlXW9ixbVe',NULL,NULL,'1234',1,'922346231',NULL,'',1,1,3,NULL,NULL,NULL,NULL,'2021-02-02 09:44:45'),(10,'45439655G','20','jose.armas.hernandez@ayto-realejos.es',NULL,'JOSÉ LUIS','ARMAS HERNÁNDEZ','$2y$10$MhDD12FoZay5hFWfSZjEw.LDE5KwmFGWS8niY05CaZYv7MyB/CRW.',NULL,NULL,'1234',1,'922346231',NULL,'',1,1,1,NULL,NULL,NULL,NULL,'2021-02-02 10:04:45'),(11,'43620022Q','29','lazaro.baez.baez@ayto-realejos.es',NULL,'LAZARO GABRIEL','BAEZ BAEZ','$2y$10$dNUCQkSjcTH0wJ86TZ0S/uYNGYcZ0CqmY8PBCs9apzshuMLgiV4TO',NULL,NULL,'1234',1,'922346231',NULL,'',1,1,108,NULL,NULL,NULL,NULL,'2021-02-02 10:56:52'),(12,'43358658r','26','pedro.baez.perez@ayto-realejos.es',NULL,'JOSE PEDRO','BAEZ PEREZ','$2y$10$sM9t79a7UOIvuBnlqtvKnOxyi7jsF5oWwsk4oB6LYwXxcy/kFdjIu',NULL,NULL,'1234',1,'922346231',NULL,'',1,1,6,NULL,NULL,NULL,NULL,'2021-02-02 10:49:26'),(13,'43367900C','37','elias.bautista.mendez@ayto-realejos.es',NULL,'ELIAS','BAUTISTA MENDEZ','$2y$10$TcFdkxWH/XuKGDAJD1KPH.8aOf9Gc028RlOwSCDlJDHlO/g0X.0j6',NULL,NULL,'1234',1,'922346231',NULL,'',1,1,21,NULL,NULL,NULL,NULL,'2021-02-02 13:24:17'),(14,'43354310T','09','victor.ara.rodriguez@ayto-realejos.es',NULL,'VICTOR','DE ARA RODRIGUEZ','$2y$10$s.zFX2Xx7qgmTarCENuCTenlO/qEAKBcOWwlXedMFVFXRAhFkuCQu',NULL,NULL,'1234',1,'922346231',NULL,'',1,1,0,NULL,NULL,NULL,NULL,'2021-02-01 10:44:43'),(15,'43362569W','32','alfonso.leon.padron@ayto-realejos.es',NULL,'ALFONSO','DE LEÓN PADRON','$2y$10$OlpCSy94tB5w0tr0Tb0CmOptAv3Y.T0wxLU3ky0g.DokAt4MCmvZq',NULL,NULL,'1234',1,'922346231',NULL,'',1,1,2,NULL,NULL,NULL,NULL,'2021-02-02 11:04:54'),(16,'78560062C','18','david.delgado.quintero@ayto-realejos.es',NULL,'David','Delgado Quintero','$2y$10$5x9pv8WjB7jZKJOTM5kFsugNDfKTxGJII9moSHOCzJsJ1Cb6Pa2Yy',NULL,NULL,'1234',1,'922346231',NULL,'',1,1,0,NULL,NULL,NULL,NULL,'2021-02-02 09:54:06'),(17,'78715233X','31','cesar.delgado.reyes@ayto-realejos.es',NULL,'Cesar','Delgado Reyes','$2y$10$AtmdI5BAHRL1TG4Fk5v4We3F3bXr2s6S7VLnYkOWin6v8L2BFsIFq',NULL,NULL,'1234',1,'922346231',NULL,'',1,1,234,NULL,NULL,NULL,NULL,'2021-02-02 11:03:11'),(18,'78858220Y','27','elisabet.diaz.machado@ayto-realejos.es',NULL,'Elizabet','Diaz Machado','$2y$10$tLgEvehR2/inUoMwIVXWx.BpjGhCySgJhOxzFd2resFAeH6z/J2ia',NULL,NULL,'1234',1,'922346231',NULL,'',1,1,230,NULL,NULL,NULL,NULL,'2021-02-02 10:51:44'),(19,'43355044K','13','alexis.encinoso.marrero@ayto-realejos.es',NULL,'SANTIAGO ALEXIS','ENCINOSO MARRERO','$2y$10$w4efgxuyCzGteflrg5nCtOj6lotvl5Fi8Cih20kXRWFzyKp4bQQza',NULL,NULL,'1234',1,'922346231',NULL,'',1,1,3,NULL,NULL,NULL,NULL,'2021-02-02 08:44:38'),(20,'43354715Z','12','carlos.febles.devora@ayto-realejos.es',NULL,'JUAN CARLOS','FEBLES DEVORA','$2y$10$A9gCbJk7ok6hHx1Nuz40Q.hWLGLdPpoxXZXopqPZD8URdo7vRF14m',NULL,NULL,'1234',1,'922346231',NULL,'',1,1,76,NULL,NULL,NULL,NULL,'2021-02-01 09:37:09'),(21,'43355299T','35','cesar.galan.diaz@ayto-realejos.es',NULL,'CESAR RAMON','GALAN DIAZ','$2y$10$7YquYF4QAl9g9lLMuQkWIe1fksgVj9XXmDJRCwX2Mp2J1KIGkS4j6',NULL,NULL,'1234',1,'922346231',NULL,'',1,1,1,NULL,NULL,NULL,NULL,'2021-02-02 13:07:41'),(22,'78610079N','21','leonelo.garcia.gonzalez@ayto-realejos.es',NULL,'Leonelo','García Gonzalez','$2y$10$L.1Q.TwEBpijM.ISzQd5E.O1YMTwBgnADXAfe434GMaqznaVkU6bi',NULL,NULL,'1234',1,'922346231',NULL,'',1,1,16,NULL,NULL,NULL,NULL,'2021-02-02 10:07:17'),(23,'43366842C','65','ricardo.goycoolea.achondo@ayto-realejos.es',NULL,'RICARDO ALBERTO','GOYCOOLEA ACHONDO','$2y$10$q5ZGlxGo0YNOilTolFpBReFY3DGmIl4hUEbrt9tBM0ULXfew1OGQO',NULL,NULL,'1234',1,'922346231',NULL,'',1,1,0,NULL,NULL,NULL,NULL,'2021-02-01 10:22:56'),(24,'45439335Y','35','Ruperto.gutierrez.garcia@ayto-realejos.es',NULL,'RUPERTO','GUTIERREZ GARCIA','$2y$10$t3VNVKzyeWal4znrqr8G7OtcZz0xUEkQz7NcHuPEw3In7AooZroOO',NULL,NULL,'1234',1,'922346231',NULL,'',1,1,1,NULL,NULL,NULL,NULL,'2021-02-02 13:10:10'),(25,'52820684B','87','prudencio.hernandez.dominguez@ayto-realejos.es',NULL,'JOSE PRUDENCIO','HERNANDEZ DOMINGUEZ','$2y$10$aI6WP8vzF5NapOWaf3MyIeMbAvsv9YbyzEiJqhanmfWXzxTFbmh3i',NULL,NULL,'1234',1,'922346231',NULL,'',1,1,1,NULL,NULL,NULL,NULL,'2021-02-01 11:07:22'),(26,'43358999C','2223','andres.hernandez.garces@ayto-realejos.es',NULL,'ANDRES','HERNANDEZ GARCES','$2y$10$ijwfXU9wTDmgzHiBylCMBugbowX9lLwEHUrG2Pa91FOHJ1mbXVgJq',NULL,NULL,'1234',1,'922346231',NULL,'',1,1,1,NULL,NULL,NULL,NULL,'2021-02-02 13:43:55'),(27,'43368951J','24','victor.hernandez.regalado@ayto-realejos.es',NULL,'VICTOR','HERNANDEZ REGALADO','$2y$10$LJmLPstku.qNTvQuSiR5nedN.GO1aamCuA8blvhjuTJdWdpCxS7Wy',NULL,NULL,'1234',1,'922346231',NULL,'',1,1,0,NULL,NULL,NULL,NULL,'2021-02-02 10:37:36'),(28,'43349352X','33','pedro.hernandez.rodriguez@ayto-realejos.es',NULL,'Pedro Jose','Hernandez Rodriguez','$2y$10$mEwBQ8p3FRm2llW450.J7OUsqVO3JXgS0fLRRU3ODcpLdMCr7VGxS',NULL,NULL,'1234',1,'922346231',NULL,'',1,1,1,NULL,NULL,NULL,NULL,'2021-02-02 13:00:03'),(29,'52824205J','48','abelardo.jorge.gonzalez@ayto-realejos.es',NULL,'ABELARDO','JORGE GONZÁLEZ','$2y$10$3ar2QaMx9TM2W454mSVdJ.8X7OpmDMvXq2zpx04r2hIIk6M6M.jxu',NULL,NULL,'1234',1,'922346231',NULL,'',1,1,24,NULL,NULL,NULL,NULL,'2021-02-02 13:32:22'),(30,'78675899Y','47','ricardo.lima.campos@ayto-realejos.es',NULL,'RICARDO','LIMA CAMPOS','$2y$10$tC8SWmH26YSA0id5YOkaGOXKJmG04JkKE57zlZZbpDwHA900EvCX2',NULL,NULL,'1234',1,'922346231',NULL,'',1,1,1,NULL,NULL,NULL,NULL,'2021-02-02 13:28:22'),(31,'45453843R','25','carlos.lorenzo.padron@ayto-realejos.es',NULL,'CARLOS','LORENZO PADRÓN','$2y$10$QOI9q4ZN2Sor2PRYpKpRHujmz2u3HJOP5TTA52vHsTQkS9IzHSyg6',NULL,NULL,'1234',1,'922346231',NULL,'',1,1,1,NULL,NULL,NULL,NULL,'2021-02-02 10:43:53'),(32,'P3803100A','0','policia@ayto-realejos.es',NULL,'JEFATURA POLICIA LOCAL','LOS REALEJOS','$2y$10$GrhYaFlI5h5nbWPpsZzo3.KO2hMyxJ0EoHP0fXNQbCM2WGFtdE9ra',NULL,NULL,'1234',1,'922346231',NULL,'',2,1,0,NULL,NULL,NULL,NULL,'2021-01-19 22:14:37'),(33,'43358057K','28','agustin.marrero.mendez@ayto-realejos.es',NULL,'JOSÉ AGUSTÍN','MARRERO MÉNDEZ','$2y$10$GJCJyJkKsguAxT863FOUxOaKa6DzxSOxhZodhMf8WnWP4x3ML62Cy',NULL,NULL,'1234',1,'922346231',NULL,'',1,1,7,NULL,NULL,NULL,NULL,'2021-02-02 10:53:57'),(34,'43358547M','24','carlos.mesa.perez@ayto-realejos.es',NULL,'JUAN CARLOS','MESA PÉREZ','$2y$10$NJmHn1mFc7Hv7q1I4IpH2O/gwqu/Jh5O/0jNwN3e8PHQ1urXA2ZUW',NULL,NULL,'1234',1,'922346231',NULL,'',1,1,0,NULL,NULL,NULL,NULL,'2021-02-02 10:40:41'),(35,'78698797L','','subcomisario@losrealejos.es',NULL,'ISAIAS','ORIHUELA','$2y$10$4ahA6tE5u5NjwmAEM8PGSuOH6Ef1Hyn8oaDhw5rSw6QvX.GaTtBem',NULL,NULL,'1234',1,'680749730',NULL,NULL,2,1,0,NULL,NULL,NULL,NULL,NULL),(36,'43361166W','36','juan.perez.gonzalez@ayto-realejos.es',NULL,'Juan Pedro','Perez Gonzalez','$2y$10$X85qyqQTh2L.4/iStAevOujzfKROAWi1BrSORSnZYpWV9rx.qWwjC',NULL,NULL,'jpuniform43',1,'922346231',NULL,'',1,1,0,NULL,NULL,'W4hvXxvn7gurSR6aoNCgGI9tjJm2fZKlP85DBaYUj3jAjIANnTFtzKC5flue',NULL,'2021-03-29 06:21:24'),(37,'43372679S','66','cristina.plasencia.garces@ayto-realejos.es',NULL,'Cristina','Plasencia','$2y$10$Q0FEAnXf7LZOXtAPd.5MwuPQ6a4MtbV/DTRYefJxTrhS5Wqfg99iO',NULL,NULL,'1234',1,'661671647',NULL,'',1,1,10,NULL,NULL,NULL,NULL,'2021-02-02 13:49:21'),(38,'43372823K','17','guzman.plasencia.fuentes@ayto-realejos.es',NULL,'GUZMÁN CRISTO','PLASENCIA FUENTES','$2y$10$ACMXhdndP0Y.FjAXcBX3VuoYd6RvxakAbSwYKH0vnX5OdTb.eAJ9u',NULL,NULL,'1234',1,'922346231',NULL,'',1,1,1,NULL,NULL,NULL,NULL,'2021-02-02 09:50:06'),(39,'52830297X','65','candido.quintero.regalado@ayto-realejos.es',NULL,'CÁNDIDO','QUINTERO REGALADO','$2y$10$g9lednsrDotZNGT9JSuQK.Zrk5OpJzIRjhsTh5VkiODRxJn8LwYwK',NULL,NULL,'1234',1,'922346231',NULL,'',1,1,1,NULL,NULL,NULL,NULL,'2021-02-01 11:14:47'),(40,'42087399K','30','victor.reyes.paz@ayto-realejos.es',NULL,'VÍCTOR MANUEL','REYES DE PAZ','$2y$10$wpBhlw70hCbrUQL5LtTsreuqtO9JAaKHGiaLtXFVCwJl2gL/iretm',NULL,NULL,'1234',1,'922346231',NULL,'',1,1,0,NULL,NULL,NULL,NULL,'2021-02-02 11:00:02'),(41,'52830241T','23','francisco.rodriguez.rodriguez@ayto-realejos.es',NULL,'Francisco Carmelo','Rodriguez Rodriguez','$2y$10$hNEhPnk9SjcgMXBLRYdh5u.Ia8L73ioEz.HZZmeJTo3Cucm3ARSpy',NULL,NULL,'UNIA372021',1,'543632',NULL,'',1,1,1,NULL,NULL,NULL,NULL,'2021-02-19 12:59:20'),(42,'43359139E','22','jose.siverio.garcia@ayto-realejos.es',NULL,'JOSÉ MANUEL','SIVERIO GARCÍA','$2y$10$LQ/ZlqvpKPmKTjFF1AVO1e4gRykKpzM10BYyW/JySe8.asr6NE0.W',NULL,NULL,'1234',1,'922346231',NULL,'',1,1,4,NULL,NULL,NULL,NULL,'2021-02-02 10:10:12'),(43,'43343807P','38','lorenzo.torres.hernandez@ayto-realejos.es',NULL,'LORENZO MANUEL','TORRES HERNÁNDEZ','$2y$10$C8uGmQ9ezTOdvko3KIgqu.BtDTJ0/I0m24D.eG31KAQTaEvEmxPgq',NULL,NULL,'1234',1,'922346231',NULL,'',1,1,1,NULL,NULL,NULL,NULL,'2021-02-02 13:35:14'),(44,'43357864N','19','agustin.toste.falcon@ayto-realejos.es',NULL,'AGUSTÍN FELIPE','TOSTE FALCÓN','$2y$10$xeMpidL8FTYj/5OXmXRIouIrQww0SyGnkJBFnOP.tFsp.r7m3Qzm.',NULL,NULL,'1234',1,'922346231',NULL,'',1,1,1,NULL,NULL,NULL,NULL,'2021-02-02 10:02:22'),(45,'43347746Z','15','javier.yanes.rodriguez@ayto-realejos.es',NULL,'FRANCISCO JAVIER','YANES RODRÍGUEZ','$2y$10$Det4HiA0rA0k0P0XK6Wx4u.eK6JChqsPEU4wTwQA5YPJbxb3ny/hW',NULL,NULL,'1234',1,'922346231',NULL,'',1,1,1,NULL,NULL,NULL,NULL,'2021-02-02 09:14:55'),(46,'111111','00000000','jp.uran@villanuevadelaserena.es',NULL,'Jose Pedro','Uran','$2y$10$zS6gluH1.HhRtWAL1IN6Wev1rYVrk9WYIZpSYEXAu5bBR4Dyy137O',NULL,NULL,'1234',1,'692116216',NULL,'',2,3,0,NULL,NULL,NULL,'2021-02-25 15:49:50','2021-03-04 15:13:13'),(47,'Y6209458R','123456789','soporte_ventas@danneruniforms.com',NULL,'Steven','Fajardo','$2y$10$gNfYJXGb0BYJ37vRgJ/qbOT/1i0YMZ88O73LNESiujV9OcFvIrKHi',NULL,NULL,'Siberian2020',1,'684159934',NULL,'',3,0,0,NULL,'/public/avatars/47/images.png',NULL,'2021-03-04 08:08:58','2021-03-30 09:01:22'),(48,'1234','1234','cordoba@cordoba.com',NULL,'PL CORDOBA','ADMINISTRACION','$2y$10$hCTjvrZy.ywa1dChD/PR9.WxMRv3azIifzEY.Rx2pTtzlUhzMeUkm',NULL,NULL,'1234',1,'123456',NULL,'',2,0,0,NULL,NULL,NULL,'2021-03-26 10:50:09','2021-03-30 08:02:30'),(49,'12345','12345','info@lineapolicial.es',NULL,'PL CORDOBA','CORDOBA','$2y$10$0KdWAfqlCV/MaOTsuL6np.7IqxV2H5DqoIDhQQu3yoDlZPEd1cAeq',NULL,NULL,'1234',1,'12345','12345','',2,4,65348,NULL,NULL,'wVPYE7amh8qxTZxrbgcJA088g9DCFhQZdxrUdpZHxkorNW6ycxV1k1HAGrca','2021-03-26 11:00:31','2021-03-31 03:58:11'),(50,'12345678','12345678','soporte_tecnico@danneruniforms.com',NULL,'Soporte Técnico','Plataforma','$2y$10$f3WwMsJiF4rDjtF51wLpNef/3mKg/sZm0r3mETBOZrLd9cXzda1bm',NULL,NULL,'Siberian2020',1,'12345678',NULL,'',3,0,0,NULL,'/public/avatars/50/vector-technical-support-glyph-icons.jpg',NULL,'2021-03-30 08:54:31','2021-04-12 12:53:14'),(101,'12345','12345','toliver@llucmajor.org',NULL,'ANTONIO','OLIVER','$2y$10$NkGpgN5pvbSLkGE6.bXl7.rJ0ZvqAak5l0e1l1hLwJq5Gvxow7JcG',NULL,NULL,'032MAQUETju',1,'676959194',NULL,'',2,5,1802,NULL,NULL,NULL,'2021-04-12 08:08:46','2021-04-12 14:37:00'),(102,'12354','32568','lmorella@catarroja.es',NULL,'mª dolores','morella','$2y$10$wroTE3oJYpujxxE8hOVYL.n.niPrlr0oK4EwHO.8gl0htUtqtEgRq',NULL,NULL,'1234',1,'961261301',NULL,'',2,7,0,NULL,NULL,NULL,'2021-04-22 10:04:10','2021-04-22 10:04:10'),(103,'1234','1234','jefaturapolicia@elda.es',NULL,'elda','elda','$2y$10$f0I8a3djwmNW.pU0TaRbdumganeZbKhgw2lCTxdDH2kdiA8Wg29Oy',NULL,NULL,'1234',1,'965380402',NULL,'',2,6,0,NULL,NULL,NULL,'2021-04-23 06:27:35','2021-04-23 06:27:35');
/*!40000 ALTER TABLE `users` ENABLE KEYS */;
UNLOCK TABLES;

--
-- Dumping events for database 'technic1_dev'
--

--
-- Dumping routines for database 'technic1_dev'
--
/*!40103 SET TIME_ZONE=@OLD_TIME_ZONE */;

/*!40101 SET SQL_MODE=@OLD_SQL_MODE */;
/*!40014 SET FOREIGN_KEY_CHECKS=@OLD_FOREIGN_KEY_CHECKS */;
/*!40014 SET UNIQUE_CHECKS=@OLD_UNIQUE_CHECKS */;
/*!40101 SET CHARACTER_SET_CLIENT=@OLD_CHARACTER_SET_CLIENT */;
/*!40101 SET CHARACTER_SET_RESULTS=@OLD_CHARACTER_SET_RESULTS */;
/*!40101 SET COLLATION_CONNECTION=@OLD_COLLATION_CONNECTION */;
/*!40111 SET SQL_NOTES=@OLD_SQL_NOTES */;

-- Dump completed on 2021-07-30 22:11:29
